transaction,category,confidence,explanation
WHITE HANGING HEART T-LIGHT HOLDER,Shopping,0.9775,The model identified patterns in the keywords: 'white hanging heart t-light holder'.
WHITE METAL LANTERN,Bills & Utilities,0.9395,The model identified patterns in the keywords: 'white metal lantern'.
CREAM CUPID HEARTS COAT HANGER,Food & Dining,0.9975,The model identified patterns in the keywords: 'cream cupid hearts coat hanger'.
KNITTED UNION FLAG HOT WATER BOTTLE,Other,0.4616,Model confidence was low; classified as Other.
RED WOOLLY HOTTIE WHITE HEART.,Shopping,0.9573,The model identified patterns in the keywords: 'woolly hottie white heart.'.
SET 7 BABUSHKA NESTING BOXES,Shopping,0.9466,The model identified patterns in the keywords: 'babushka nesting boxes'.
GLASS STAR FROSTED T-LIGHT HOLDER,Other,0.5288,Model confidence was low; classified as Other.
HAND WARMER UNION JACK,Other,0.5074,Model confidence was low; classified as Other.
HAND WARMER RED POLKA DOT,Food & Dining,0.7758,The model identified patterns in the keywords: 'hand warmer polka'.
ASSORTED COLOUR BIRD ORNAMENT,Shopping,0.9964,The model identified patterns in the keywords: 'assorted colour bird ornament'.
POPPY'S PLAYHOUSE BEDROOM ,Shopping,0.9895,The model identified patterns in the keywords: 'poppy's playhouse bedroom'.
POPPY'S PLAYHOUSE KITCHEN,Food & Dining,0.9004,The model identified patterns in the keywords: 'poppy's playhouse kitchen'.
FELTCRAFT PRINCESS CHARLOTTE DOLL,Shopping,0.9997,The model identified patterns in the keywords: 'feltcraft princess charlotte doll'.
IVORY KNITTED MUG COSY ,Shopping,0.9666,The model identified patterns in the keywords: 'ivory knitted cosy'.
BOX OF 6 ASSORTED COLOUR TEASPOONS,Food & Dining,0.8738,The model identified patterns in the keywords: 'assorted colour teaspoons'.
BOX OF VINTAGE JIGSAW BLOCKS ,Shopping,0.9984,The model identified patterns in the keywords: 'vintage jigsaw blocks'.
BOX OF VINTAGE ALPHABET BLOCKS,Shopping,0.9994,The model identified patterns in the keywords: 'vintage alphabet blocks'.
HOME BUILDING BLOCK WORD,Shopping,0.9757,The model identified patterns in the keywords: 'home building block word'.
LOVE BUILDING BLOCK WORD,Food & Dining,0.9879,The model identified patterns in the keywords: 'love building block word'.
RECIPE BOX WITH METAL HEART,Shopping,0.9064,The model identified patterns in the keywords: 'recipe with metal heart'.
DOORMAT NEW ENGLAND,Shopping,0.9982,The model identified patterns in the keywords: 'doormat england'.
JAM MAKING SET WITH JARS,Food & Dining,0.9997,The model identified patterns in the keywords: 'making with jars'.
RED COAT RACK PARIS FASHION,Shopping,0.9998,The model identified patterns in the keywords: 'coat rack paris fashion'.
YELLOW COAT RACK PARIS FASHION,Shopping,0.9997,The model identified patterns in the keywords: 'yellow coat rack paris fashion'.
BLUE COAT RACK PARIS FASHION,Shopping,0.9997,The model identified patterns in the keywords: 'blue coat rack paris fashion'.
BATH BUILDING BLOCK WORD,Medical,0.8528,The model identified patterns in the keywords: 'bath building block word'.
ALARM CLOCK BAKELIKE PINK,Bills & Utilities,0.6728,The model identified patterns in the keywords: 'alarm clock bakelike pink'.
ALARM CLOCK BAKELIKE RED ,Bills & Utilities,0.7996,The model identified patterns in the keywords: 'alarm clock bakelike'.
ALARM CLOCK BAKELIKE GREEN,Bills & Utilities,0.8878,The model identified patterns in the keywords: 'alarm clock bakelike green'.
PANDA AND BUNNIES STICKER SHEET,Shopping,0.8998,The model identified patterns in the keywords: 'panda bunnies sticker sheet'.
STARS GIFT TAPE ,Shopping,0.9995,The model identified patterns in the keywords: 'stars gift tape'.
INFLATABLE POLITICAL GLOBE ,Other,0.5433,Model confidence was low; classified as Other.
VINTAGE HEADS AND TAILS CARD GAME ,Shopping,0.7644,The model identified patterns in the keywords: 'vintage heads tails card game'.
SET/2 RED RETROSPOT TEA TOWELS ,Food & Dining,0.9985,The model identified patterns in the keywords: 'set/2 retrospot towels'.
ROUND SNACK BOXES SET OF4 WOODLAND ,Food & Dining,0.9902,The model identified patterns in the keywords: 'round snack boxes woodland'.
SPACEBOY LUNCH BOX ,Food & Dining,0.9969,The model identified patterns in the keywords: 'spaceboy lunch'.
LUNCH BOX I LOVE LONDON,Food & Dining,0.9706,The model identified patterns in the keywords: 'lunch love london'.
CIRCUS PARADE LUNCH BOX ,Shopping,0.8997,The model identified patterns in the keywords: 'circus parade lunch'.
CHARLOTTE BAG DOLLY GIRL DESIGN,Shopping,0.9997,The model identified patterns in the keywords: 'charlotte dolly girl design'.
RED TOADSTOOL LED NIGHT LIGHT,Bills & Utilities,0.7305,The model identified patterns in the keywords: 'toadstool night light'.
 SET 2 TEA TOWELS I LOVE LONDON ,Food & Dining,0.9992,The model identified patterns in the keywords: 'towels love london'.
VINTAGE SEASIDE JIGSAW PUZZLES,Shopping,0.9957,The model identified patterns in the keywords: 'vintage seaside jigsaw puzzles'.
MINI JIGSAW CIRCUS PARADE ,Shopping,0.752,The model identified patterns in the keywords: 'mini jigsaw circus parade'.
MINI JIGSAW SPACEBOY,Shopping,0.7532,The model identified patterns in the keywords: 'mini jigsaw spaceboy'.
MINI PAINT SET VINTAGE ,Shopping,0.9965,The model identified patterns in the keywords: 'mini paint vintage'.
POSTAGE,Shopping,0.9713,The model identified patterns in the keywords: 'postage'.
PAPER CHAIN KIT 50'S CHRISTMAS ,Shopping,0.9991,The model identified patterns in the keywords: 'paper chain 50's christmas'.
HAND WARMER RED POLKA DOT,Food & Dining,0.7758,The model identified patterns in the keywords: 'hand warmer polka'.
HAND WARMER UNION JACK,Other,0.5074,Model confidence was low; classified as Other.
WHITE HANGING HEART T-LIGHT HOLDER,Shopping,0.9775,The model identified patterns in the keywords: 'white hanging heart t-light holder'.
WHITE METAL LANTERN,Bills & Utilities,0.9395,The model identified patterns in the keywords: 'white metal lantern'.
CREAM CUPID HEARTS COAT HANGER,Food & Dining,0.9975,The model identified patterns in the keywords: 'cream cupid hearts coat hanger'.
EDWARDIAN PARASOL RED,Food & Dining,0.9091,The model identified patterns in the keywords: 'edwardian parasol'.
RETRO COFFEE MUGS ASSORTED,Food & Dining,0.9976,The model identified patterns in the keywords: 'retro coffee mugs assorted'.
SAVE THE PLANET MUG,Other,0.5367,Model confidence was low; classified as Other.
VINTAGE BILLBOARD DRINK ME MUG,Shopping,0.9958,The model identified patterns in the keywords: 'vintage billboard drink'.
VINTAGE BILLBOARD LOVE/HATE MUG,Shopping,0.9997,The model identified patterns in the keywords: 'vintage billboard love/hate'.
WOOD 2 DRAWER CABINET WHITE FINISH,Shopping,0.9984,The model identified patterns in the keywords: 'wood drawer cabinet white finish'.
WOOD S/3 CABINET ANT WHITE FINISH,Shopping,0.9901,The model identified patterns in the keywords: 'wood cabinet white finish'.
WOODEN PICTURE FRAME WHITE FINISH,Shopping,0.9937,The model identified patterns in the keywords: 'wooden picture frame white finish'.
WOODEN FRAME ANTIQUE WHITE ,Shopping,0.9755,The model identified patterns in the keywords: 'wooden frame antique white'.
KNITTED UNION FLAG HOT WATER BOTTLE,Other,0.4616,Model confidence was low; classified as Other.
RED WOOLLY HOTTIE WHITE HEART.,Shopping,0.9573,The model identified patterns in the keywords: 'woolly hottie white heart.'.
SET 7 BABUSHKA NESTING BOXES,Shopping,0.9466,The model identified patterns in the keywords: 'babushka nesting boxes'.
GLASS STAR FROSTED T-LIGHT HOLDER,Other,0.5288,Model confidence was low; classified as Other.
VICTORIAN SEWING BOX LARGE,Shopping,0.9997,The model identified patterns in the keywords: 'victorian sewing large'.
WHITE HANGING HEART T-LIGHT HOLDER,Shopping,0.9775,The model identified patterns in the keywords: 'white hanging heart t-light holder'.
WHITE METAL LANTERN,Bills & Utilities,0.9395,The model identified patterns in the keywords: 'white metal lantern'.
CREAM CUPID HEARTS COAT HANGER,Food & Dining,0.9975,The model identified patterns in the keywords: 'cream cupid hearts coat hanger'.
EDWARDIAN PARASOL RED,Food & Dining,0.9091,The model identified patterns in the keywords: 'edwardian parasol'.
RETRO COFFEE MUGS ASSORTED,Food & Dining,0.9976,The model identified patterns in the keywords: 'retro coffee mugs assorted'.
SAVE THE PLANET MUG,Other,0.5367,Model confidence was low; classified as Other.
VINTAGE BILLBOARD DRINK ME MUG,Shopping,0.9958,The model identified patterns in the keywords: 'vintage billboard drink'.
VINTAGE BILLBOARD LOVE/HATE MUG,Shopping,0.9997,The model identified patterns in the keywords: 'vintage billboard love/hate'.
WOOD 2 DRAWER CABINET WHITE FINISH,Shopping,0.9984,The model identified patterns in the keywords: 'wood drawer cabinet white finish'.
WOOD S/3 CABINET ANT WHITE FINISH,Shopping,0.9901,The model identified patterns in the keywords: 'wood cabinet white finish'.
WOODEN PICTURE FRAME WHITE FINISH,Shopping,0.9937,The model identified patterns in the keywords: 'wooden picture frame white finish'.
WOODEN FRAME ANTIQUE WHITE ,Shopping,0.9755,The model identified patterns in the keywords: 'wooden frame antique white'.
KNITTED UNION FLAG HOT WATER BOTTLE,Other,0.4616,Model confidence was low; classified as Other.
RED WOOLLY HOTTIE WHITE HEART.,Shopping,0.9573,The model identified patterns in the keywords: 'woolly hottie white heart.'.
SET 7 BABUSHKA NESTING BOXES,Shopping,0.9466,The model identified patterns in the keywords: 'babushka nesting boxes'.
GLASS STAR FROSTED T-LIGHT HOLDER,Other,0.5288,Model confidence was low; classified as Other.
HOT WATER BOTTLE TEA AND SYMPATHY,Food & Dining,0.9988,The model identified patterns in the keywords: 'water bottle sympathy'.
RED HANGING HEART T-LIGHT HOLDER,Shopping,0.9264,The model identified patterns in the keywords: 'hanging heart t-light holder'.
HAND WARMER RED POLKA DOT,Food & Dining,0.7758,The model identified patterns in the keywords: 'hand warmer polka'.
HAND WARMER UNION JACK,Other,0.5074,Model confidence was low; classified as Other.
JUMBO BAG PINK POLKADOT,Food & Dining,0.9664,The model identified patterns in the keywords: 'jumbo pink polkadot'.
JUMBO  BAG BAROQUE BLACK WHITE,Food & Dining,0.9964,The model identified patterns in the keywords: 'jumbo baroque black white'.
JUMBO BAG CHARLIE AND LOLA TOYS,Transport,0.99,Matched known merchant 'ola'.
STRAWBERRY CHARLOTTE BAG,Food & Dining,0.9577,The model identified patterns in the keywords: 'strawberry charlotte'.
RED 3 PIECE RETROSPOT CUTLERY SET,Shopping,0.9921,The model identified patterns in the keywords: 'piece retrospot cutlery'.
BLUE 3 PIECE POLKADOT CUTLERY SET,Food & Dining,0.63,The model identified patterns in the keywords: 'blue piece polkadot cutlery'.
SET/6 RED SPOTTY PAPER PLATES,Shopping,0.9947,The model identified patterns in the keywords: 'set/6 spotty paper plates'.
LUNCH BAG RED RETROSPOT,Food & Dining,0.9936,The model identified patterns in the keywords: 'lunch retrospot'.
STRAWBERRY LUNCH BOX WITH CUTLERY,Food & Dining,0.999,The model identified patterns in the keywords: 'strawberry lunch with cutlery'.
LUNCH BOX WITH CUTLERY RETROSPOT ,Food & Dining,0.9986,The model identified patterns in the keywords: 'lunch with cutlery retrospot'.
PACK OF 72 RETROSPOT CAKE CASES,Food & Dining,0.9768,The model identified patterns in the keywords: 'pack retrospot cake cases'.
PACK OF 60 DINOSAUR CAKE CASES,Food & Dining,0.9118,The model identified patterns in the keywords: 'pack dinosaur cake cases'.
PACK OF 60 PINK PAISLEY CAKE CASES,Food & Dining,0.9122,The model identified patterns in the keywords: 'pack pink paisley cake cases'.
60 TEATIME FAIRY CAKE CASES,Food & Dining,0.9998,The model identified patterns in the keywords: 'teatime fairy cake cases'.
TOMATO CHARLIE+LOLA COASTER SET,Transport,0.99,Matched known merchant 'ola'.
CHARLIE & LOLA WASTEPAPER BIN FLORA,Transport,0.99,Matched known merchant 'ola'.
RED CHARLIE+LOLA PERSONAL DOORSIGN,Transport,0.99,Matched known merchant 'ola'.
JUMBO STORAGE BAG SUKI,Food & Dining,0.9688,The model identified patterns in the keywords: 'jumbo storage suki'.
JUMBO BAG PINK VINTAGE PAISLEY,Shopping,0.9208,The model identified patterns in the keywords: 'jumbo pink vintage paisley'.
JAM MAKING SET PRINTED,Food & Dining,0.9989,The model identified patterns in the keywords: 'making printed'.
RETROSPOT TEA SET CERAMIC 11 PC ,Food & Dining,0.9969,The model identified patterns in the keywords: 'retrospot ceramic'.
GIRLY PINK TOOL SET,Shopping,0.9925,The model identified patterns in the keywords: 'girly pink tool'.
JUMBO SHOPPER VINTAGE RED PAISLEY,Shopping,0.9989,The model identified patterns in the keywords: 'jumbo shopper vintage paisley'.
"AIRLINE LOUNGE,METAL SIGN",Travel,0.9802,"The model identified patterns in the keywords: 'airline lounge,metal sign'."
WHITE SPOT RED CERAMIC DRAWER KNOB,Shopping,0.9958,The model identified patterns in the keywords: 'white spot ceramic drawer knob'.
RED DRAWER KNOB ACRYLIC EDWARDIAN,Shopping,0.9984,The model identified patterns in the keywords: 'drawer knob acrylic edwardian'.
CLEAR DRAWER KNOB ACRYLIC EDWARDIAN,Shopping,0.9967,The model identified patterns in the keywords: 'clear drawer knob acrylic edwardian'.
PHOTO CLIP LINE,Shopping,0.9986,The model identified patterns in the keywords: 'photo clip line'.
FELT EGG COSY CHICKEN,Food & Dining,0.9998,The model identified patterns in the keywords: 'felt cosy chicken'.
PIGGY BANK RETROSPOT ,Shopping,0.8347,The model identified patterns in the keywords: 'piggy bank retrospot'.
SKULL SHOULDER BAG,Shopping,0.7464,The model identified patterns in the keywords: 'skull shoulder'.
YOU'RE CONFUSING ME METAL SIGN ,Shopping,0.9613,The model identified patterns in the keywords: 'you're confusing metal sign'.
COOK WITH WINE METAL SIGN ,Food & Dining,0.9995,The model identified patterns in the keywords: 'cook with wine metal sign'.
GIN + TONIC DIET METAL SIGN,Food & Dining,0.999,The model identified patterns in the keywords: 'tonic diet metal sign'.
YELLOW BREAKFAST CUP AND SAUCER,Food & Dining,0.9998,The model identified patterns in the keywords: 'yellow breakfast saucer'.
PINK BREAKFAST CUP AND SAUCER ,Food & Dining,0.9997,The model identified patterns in the keywords: 'pink breakfast saucer'.
PAPER CHAIN KIT 50'S CHRISTMAS ,Shopping,0.9991,The model identified patterns in the keywords: 'paper chain 50's christmas'.
PAPER CHAIN KIT RETROSPOT,Shopping,0.9823,The model identified patterns in the keywords: 'paper chain retrospot'.
SMALL HEART FLOWERS HOOK ,Other,0.5476,Model confidence was low; classified as Other.
PHOTO CLIP LINE,Shopping,0.9986,The model identified patterns in the keywords: 'photo clip line'.
TEA TIME DES TEA COSY,Food & Dining,0.9998,The model identified patterns in the keywords: 'time cosy'.
FELT EGG COSY WHITE RABBIT ,Food & Dining,0.9997,The model identified patterns in the keywords: 'felt cosy white rabbit'.
ZINC WILLIE WINKIE  CANDLE STICK,Bills & Utilities,0.788,The model identified patterns in the keywords: 'zinc willie winkie candle stick'.
CERAMIC CHERRY CAKE MONEY BANK,Other,0.5716,Model confidence was low; classified as Other.
RETROSPOT LARGE MILK JUG,Bills & Utilities,0.6466,The model identified patterns in the keywords: 'retrospot large milk'.
SET OF 6 FUNKY BEAKERS,Shopping,0.7817,The model identified patterns in the keywords: 'funky beakers'.
EDWARDIAN PARASOL BLACK,Food & Dining,0.9746,The model identified patterns in the keywords: 'edwardian parasol black'.
EDWARDIAN PARASOL NATURAL,Food & Dining,0.8296,The model identified patterns in the keywords: 'edwardian parasol natural'.
CERAMIC STRAWBERRY CAKE MONEY BANK,Shopping,0.9607,The model identified patterns in the keywords: 'ceramic strawberry cake money bank'.
BLUE OWL SOFT TOY,Shopping,0.9243,The model identified patterns in the keywords: 'blue soft'.
BALLOON ART MAKE YOUR OWN FLOWERS,Shopping,0.9937,The model identified patterns in the keywords: 'balloon make your flowers'.
RED TOADSTOOL LED NIGHT LIGHT,Bills & Utilities,0.7305,The model identified patterns in the keywords: 'toadstool night light'.
GLASS CLOCHE SMALL,Bills & Utilities,0.9943,The model identified patterns in the keywords: 'glass cloche small'.
GUMBALL MONOCHROME COAT RACK,Other,0.5639,Model confidence was low; classified as Other.
DOORMAT FANCY FONT HOME SWEET HOME,Shopping,0.9992,The model identified patterns in the keywords: 'doormat fancy font home sweet home'.
Discount,Shopping,0.9978,The model identified patterns in the keywords: 'discount'.
INFLATABLE POLITICAL GLOBE ,Other,0.5433,Model confidence was low; classified as Other.
VINTAGE SNAKES & LADDERS,Shopping,0.9995,The model identified patterns in the keywords: 'vintage snakes ladders'.
CHOCOLATE CALCULATOR,Transport,0.99,Matched known merchant 'ola'.
JUMBO SHOPPER VINTAGE RED PAISLEY,Shopping,0.9989,The model identified patterns in the keywords: 'jumbo shopper vintage paisley'.
RECYCLING BAG RETROSPOT ,Shopping,0.9957,The model identified patterns in the keywords: 'recycling retrospot'.
TOY TIDY PINK POLKADOT,Shopping,0.9995,The model identified patterns in the keywords: 'tidy pink polkadot'.
ANTIQUE GLASS DRESSING TABLE POT,Shopping,0.9944,The model identified patterns in the keywords: 'antique glass dressing table'.
ALARM CLOCK BAKELIKE GREEN,Bills & Utilities,0.8878,The model identified patterns in the keywords: 'alarm clock bakelike green'.
IVORY GIANT GARDEN THERMOMETER,Shopping,0.9993,The model identified patterns in the keywords: 'ivory giant garden thermometer'.
3 TIER CAKE TIN GREEN AND CREAM,Food & Dining,0.9997,The model identified patterns in the keywords: 'tier cake green cream'.
3 TIER CAKE TIN RED AND CREAM,Food & Dining,0.9997,The model identified patterns in the keywords: 'tier cake cream'.
SET 3 WICKER OVAL BASKETS W LIDS,Other,0.5951,Model confidence was low; classified as Other.
SET OF 3 COLOURED  FLYING DUCKS,Shopping,0.9843,The model identified patterns in the keywords: 'coloured flying ducks'.
WOOD BLACK BOARD ANT WHITE FINISH,Food & Dining,0.7419,The model identified patterns in the keywords: 'wood black board white finish'.
COLOUR GLASS T-LIGHT HOLDER HANGING,Other,0.5124,Model confidence was low; classified as Other.
HANGING METAL HEART LANTERN,Shopping,0.9845,The model identified patterns in the keywords: 'hanging metal heart lantern'.
HANGING MEDINA LANTERN SMALL,Other,0.5851,Model confidence was low; classified as Other.
NATURAL SLATE HEART CHALKBOARD ,Other,0.5733,Model confidence was low; classified as Other.
HEART OF WICKER SMALL,Food & Dining,0.7754,The model identified patterns in the keywords: 'heart wicker small'.
HEART OF WICKER LARGE,Food & Dining,0.6838,The model identified patterns in the keywords: 'heart wicker large'.
WHITE LOVEBIRD LANTERN,Other,0.59,Model confidence was low; classified as Other.
CLASSIC METAL BIRDCAGE PLANT HOLDER,Shopping,0.9989,The model identified patterns in the keywords: 'classic metal birdcage plant holder'.
CREAM HEART CARD HOLDER,Food & Dining,0.9991,The model identified patterns in the keywords: 'cream heart card holder'.
ENAMEL FLOWER JUG CREAM,Shopping,0.9693,The model identified patterns in the keywords: 'enamel flower cream'.
ENAMEL FIRE BUCKET CREAM,Shopping,0.9754,The model identified patterns in the keywords: 'enamel fire bucket cream'.
ENAMEL BREAD BIN CREAM,Food & Dining,0.9985,The model identified patterns in the keywords: 'enamel bread cream'.
SET 3 WICKER OVAL BASKETS W LIDS,Other,0.5951,Model confidence was low; classified as Other.
JAM MAKING SET PRINTED,Food & Dining,0.9989,The model identified patterns in the keywords: 'making printed'.
JAM MAKING SET WITH JARS,Food & Dining,0.9997,The model identified patterns in the keywords: 'making with jars'.
JUMBO BAG DOLLY GIRL DESIGN,Shopping,0.965,The model identified patterns in the keywords: 'jumbo dolly girl design'.
TRADITIONAL CHRISTMAS RIBBONS,Food & Dining,0.9907,The model identified patterns in the keywords: 'traditional christmas ribbons'.
ORGANISER WOOD ANTIQUE WHITE ,Shopping,0.9544,The model identified patterns in the keywords: 'organiser wood antique white'.
LUNCH BAG DOLLY GIRL DESIGN,Other,0.5499,Model confidence was low; classified as Other.
WHITE WIRE EGG HOLDER,Food & Dining,0.9995,The model identified patterns in the keywords: 'white wire holder'.
JUMBO  BAG BAROQUE BLACK WHITE,Food & Dining,0.9964,The model identified patterns in the keywords: 'jumbo baroque black white'.
JUMBO BAG RED RETROSPOT,Food & Dining,0.7956,The model identified patterns in the keywords: 'jumbo retrospot'.
CHILLI LIGHTS,Food & Dining,0.9997,The model identified patterns in the keywords: 'chilli lights'.
LIGHT GARLAND BUTTERFILES PINK,Shopping,0.7317,The model identified patterns in the keywords: 'light garland butterfiles pink'.
WOODEN OWLS LIGHT GARLAND ,Shopping,0.9263,The model identified patterns in the keywords: 'wooden owls light garland'.
FAIRY TALE COTTAGE NIGHTLIGHT,Shopping,0.715,The model identified patterns in the keywords: 'fairy tale cottage nightlight'.
RED TOADSTOOL LED NIGHT LIGHT,Bills & Utilities,0.7305,The model identified patterns in the keywords: 'toadstool night light'.
HOME BUILDING BLOCK WORD,Shopping,0.9757,The model identified patterns in the keywords: 'home building block word'.
LOVE BUILDING BLOCK WORD,Food & Dining,0.9879,The model identified patterns in the keywords: 'love building block word'.
DOORMAT FANCY FONT HOME SWEET HOME,Shopping,0.9992,The model identified patterns in the keywords: 'doormat fancy font home sweet home'.
HOME SMALL WOOD LETTERS,Shopping,0.999,The model identified patterns in the keywords: 'home small wood letters'.
GINGHAM HEART  DOORSTOP RED,Food & Dining,0.9992,The model identified patterns in the keywords: 'gingham heart doorstop'.
FIVE HEART HANGING DECORATION,Other,0.5124,Model confidence was low; classified as Other.
HANGING METAL HEART LANTERN,Shopping,0.9845,The model identified patterns in the keywords: 'hanging metal heart lantern'.
ASSORTED BOTTLE TOP  MAGNETS ,Shopping,0.9841,The model identified patterns in the keywords: 'assorted bottle magnets'.
FRIDGE MAGNETS US DINER ASSORTED,Shopping,0.9897,The model identified patterns in the keywords: 'fridge magnets diner assorted'.
HOMEMADE JAM SCENTED CANDLES,Food & Dining,0.9923,The model identified patterns in the keywords: 'homemade scented candles'.
FRIDGE MAGNETS LES ENFANTS ASSORTED,Shopping,0.9985,The model identified patterns in the keywords: 'fridge magnets enfants assorted'.
ROSE CARAVAN DOORSTOP,Shopping,0.9007,The model identified patterns in the keywords: 'rose caravan doorstop'.
HEART OF WICKER SMALL,Food & Dining,0.7754,The model identified patterns in the keywords: 'heart wicker small'.
5 HOOK HANGER MAGIC TOADSTOOL,Bills & Utilities,0.9927,The model identified patterns in the keywords: 'hook hanger magic toadstool'.
CHRISTMAS LIGHTS 10 REINDEER,Food & Dining,0.996,The model identified patterns in the keywords: 'christmas lights reindeer'.
VINTAGE UNION JACK CUSHION COVER,Shopping,0.9989,The model identified patterns in the keywords: 'vintage union jack cushion cover'.
VINTAGE HEADS AND TAILS CARD GAME ,Shopping,0.7644,The model identified patterns in the keywords: 'vintage heads tails card game'.
SET OF 3 COLOURED  FLYING DUCKS,Shopping,0.9843,The model identified patterns in the keywords: 'coloured flying ducks'.
SET OF 3 GOLD FLYING DUCKS,Shopping,0.9978,The model identified patterns in the keywords: 'gold flying ducks'.
RED RETROSPOT UMBRELLA,Shopping,0.9729,The model identified patterns in the keywords: 'retrospot umbrella'.
BLACK/BLUE POLKADOT UMBRELLA,Food & Dining,0.844,The model identified patterns in the keywords: 'black/blue polkadot umbrella'.
RED DINER WALL CLOCK,Other,0.5472,Model confidence was low; classified as Other.
ALARM CLOCK BAKELIKE GREEN,Bills & Utilities,0.8878,The model identified patterns in the keywords: 'alarm clock bakelike green'.
ALARM CLOCK BAKELIKE RED ,Bills & Utilities,0.7996,The model identified patterns in the keywords: 'alarm clock bakelike'.
BLUE DINER WALL CLOCK,Shopping,0.8357,The model identified patterns in the keywords: 'blue diner wall clock'.
IVORY DINER WALL CLOCK,Shopping,0.9911,The model identified patterns in the keywords: 'ivory diner wall clock'.
LARGE HEART MEASURING SPOONS,Other,0.5868,Model confidence was low; classified as Other.
SMALL HEART MEASURING SPOONS,Food & Dining,0.8936,The model identified patterns in the keywords: 'small heart measuring spoons'.
CHRISTMAS LIGHTS 10 REINDEER,Food & Dining,0.996,The model identified patterns in the keywords: 'christmas lights reindeer'.
JAM MAKING SET WITH JARS,Food & Dining,0.9997,The model identified patterns in the keywords: 'making with jars'.
JAM MAKING SET PRINTED,Food & Dining,0.9989,The model identified patterns in the keywords: 'making printed'.
JAM JAR WITH PINK LID,Food & Dining,0.9992,The model identified patterns in the keywords: 'with pink'.
JAM JAR WITH GREEN LID,Food & Dining,0.9995,The model identified patterns in the keywords: 'with green'.
ROSE COTTAGE KEEPSAKE BOX ,Shopping,0.9857,The model identified patterns in the keywords: 'rose cottage keepsake'.
HANGING HEART ZINC T-LIGHT HOLDER,Shopping,0.9634,The model identified patterns in the keywords: 'hanging heart zinc t-light holder'.
PAPER CHAIN KIT VINTAGE CHRISTMAS,Shopping,0.9993,The model identified patterns in the keywords: 'paper chain vintage christmas'.
DISCO BALL CHRISTMAS DECORATION,Food & Dining,0.7998,The model identified patterns in the keywords: 'disco ball christmas decoration'.
WHITE HANGING HEART T-LIGHT HOLDER,Shopping,0.9775,The model identified patterns in the keywords: 'white hanging heart t-light holder'.
SMALL POPCORN HOLDER,Food & Dining,0.9989,The model identified patterns in the keywords: 'small popcorn holder'.
LARGE POPCORN HOLDER ,Food & Dining,0.9985,The model identified patterns in the keywords: 'large popcorn holder'.
RETROSPOT LARGE MILK JUG,Bills & Utilities,0.6466,The model identified patterns in the keywords: 'retrospot large milk'.
SET/20 RED RETROSPOT PAPER NAPKINS ,Shopping,0.9878,The model identified patterns in the keywords: 'set/20 retrospot paper napkins'.
SET/6 RED SPOTTY PAPER PLATES,Shopping,0.9947,The model identified patterns in the keywords: 'set/6 spotty paper plates'.
SET/6 RED SPOTTY PAPER CUPS,Shopping,0.9817,The model identified patterns in the keywords: 'set/6 spotty paper cups'.
POLKADOT RAIN HAT ,Shopping,0.8769,The model identified patterns in the keywords: 'polkadot rain'.
DELUXE SEWING KIT ,Shopping,0.9992,The model identified patterns in the keywords: 'deluxe sewing'.
RETROSPOT HEART HOT WATER BOTTLE,Bills & Utilities,0.9602,The model identified patterns in the keywords: 'retrospot heart water bottle'.
KNITTED UNION FLAG HOT WATER BOTTLE,Other,0.4616,Model confidence was low; classified as Other.
ENGLISH ROSE HOT WATER BOTTLE,Food & Dining,0.9993,The model identified patterns in the keywords: 'english rose water bottle'.
PHOTO CUBE,Shopping,0.9993,The model identified patterns in the keywords: 'photo cube'.
HOMEMADE JAM SCENTED CANDLES,Food & Dining,0.9923,The model identified patterns in the keywords: 'homemade scented candles'.
JUMBO BAG RED RETROSPOT,Food & Dining,0.7956,The model identified patterns in the keywords: 'jumbo retrospot'.
PLASTERS IN TIN CIRCUS PARADE ,Shopping,0.9976,The model identified patterns in the keywords: 'plasters circus parade'.
PACK OF 12 PINK PAISLEY TISSUES ,Shopping,0.9817,The model identified patterns in the keywords: 'pack pink paisley tissues'.
PACK OF 12 BLUE PAISLEY TISSUES ,Shopping,0.8232,The model identified patterns in the keywords: 'pack blue paisley tissues'.
PACK OF 12 RED RETROSPOT TISSUES ,Bills & Utilities,0.945,The model identified patterns in the keywords: 'pack retrospot tissues'.
CHICK GREY HOT WATER BOTTLE,Food & Dining,0.9978,The model identified patterns in the keywords: 'chick grey water bottle'.
PLASTERS IN TIN VINTAGE PAISLEY ,Shopping,0.9979,The model identified patterns in the keywords: 'plasters vintage paisley'.
PLASTERS IN TIN SKULLS,Shopping,0.9906,The model identified patterns in the keywords: 'plasters skulls'.
3 STRIPEY MICE FELTCRAFT,Food & Dining,0.8821,The model identified patterns in the keywords: 'stripey mice feltcraft'.
SET OF 6 SOLDIER SKITTLES,Shopping,0.6564,The model identified patterns in the keywords: 'soldier skittles'.
TRADITIONAL WOODEN SKIPPING ROPE,Food & Dining,0.997,The model identified patterns in the keywords: 'traditional wooden skipping rope'.
WOODEN BOX OF DOMINOES,Shopping,0.9372,The model identified patterns in the keywords: 'wooden dominoes'.
RUSTIC  SEVENTEEN DRAWER SIDEBOARD,Shopping,0.9981,The model identified patterns in the keywords: 'rustic seventeen drawer sideboard'.
PARTY CONES CARNIVAL ASSORTED,Food & Dining,0.9974,The model identified patterns in the keywords: 'party cones carnival assorted'.
PARTY CONES CANDY ASSORTED,Food & Dining,0.9213,The model identified patterns in the keywords: 'party cones candy assorted'.
PICNIC BASKET WICKER SMALL,Food & Dining,0.9906,The model identified patterns in the keywords: 'picnic basket wicker small'.
ASSORTED COLOUR BIRD ORNAMENT,Shopping,0.9964,The model identified patterns in the keywords: 'assorted colour bird ornament'.
STAR DECORATION PAINTED ZINC ,Shopping,0.9579,The model identified patterns in the keywords: 'star decoration painted zinc'.
RETROSPOT LAMP,Medical,0.909,The model identified patterns in the keywords: 'retrospot lamp'.
"FANCY FONT BIRTHDAY CARD, ",Shopping,0.9968,"The model identified patterns in the keywords: 'fancy font birthday card,'."
HAND WARMER UNION JACK,Other,0.5074,Model confidence was low; classified as Other.
HAND WARMER SCOTTY DOG DESIGN,Food & Dining,0.8244,The model identified patterns in the keywords: 'hand warmer scotty design'.
HAND WARMER OWL DESIGN,Food & Dining,0.8408,The model identified patterns in the keywords: 'hand warmer design'.
HAND WARMER RED RETROSPOT,Bills & Utilities,0.8278,The model identified patterns in the keywords: 'hand warmer retrospot'.
RETROSPOT HEART HOT WATER BOTTLE,Bills & Utilities,0.9602,The model identified patterns in the keywords: 'retrospot heart water bottle'.
DOG BOWL CHASING BALL DESIGN,Food & Dining,0.9992,The model identified patterns in the keywords: 'bowl chasing ball design'.
CLOTHES PEGS RETROSPOT PACK 24 ,Shopping,0.9997,The model identified patterns in the keywords: 'clothes pegs retrospot pack'.
HAND OVER THE CHOCOLATE   SIGN ,Transport,0.99,Matched known merchant 'ola'.
WHITE HANGING HEART T-LIGHT HOLDER,Shopping,0.9775,The model identified patterns in the keywords: 'white hanging heart t-light holder'.
TRAVEL SEWING KIT,Shopping,0.9985,The model identified patterns in the keywords: 'travel sewing'.
BLACK HEART CARD HOLDER,Bills & Utilities,0.8697,The model identified patterns in the keywords: 'black heart card holder'.
ASSORTED COLOUR BIRD ORNAMENT,Shopping,0.9964,The model identified patterns in the keywords: 'assorted colour bird ornament'.
PACK OF 60 PINK PAISLEY CAKE CASES,Food & Dining,0.9122,The model identified patterns in the keywords: 'pack pink paisley cake cases'.
60 TEATIME FAIRY CAKE CASES,Food & Dining,0.9998,The model identified patterns in the keywords: 'teatime fairy cake cases'.
PACK OF 72 RETROSPOT CAKE CASES,Food & Dining,0.9768,The model identified patterns in the keywords: 'pack retrospot cake cases'.
CHICK GREY HOT WATER BOTTLE,Food & Dining,0.9978,The model identified patterns in the keywords: 'chick grey water bottle'.
SMALL GLASS HEART TRINKET POT,Food & Dining,0.9199,The model identified patterns in the keywords: 'small glass heart trinket'.
ALARM CLOCK BAKELIKE IVORY,Bills & Utilities,0.6857,The model identified patterns in the keywords: 'alarm clock bakelike ivory'.
ALARM CLOCK BAKELIKE RED ,Bills & Utilities,0.7996,The model identified patterns in the keywords: 'alarm clock bakelike'.
ALARM CLOCK BAKELIKE ORANGE,Bills & Utilities,0.7319,The model identified patterns in the keywords: 'alarm clock bakelike orange'.
ALARM CLOCK BAKELIKE GREEN,Bills & Utilities,0.8878,The model identified patterns in the keywords: 'alarm clock bakelike green'.
HOT WATER BOTTLE TEA AND SYMPATHY,Food & Dining,0.9988,The model identified patterns in the keywords: 'water bottle sympathy'.
HAND WARMER BIRD DESIGN,Food & Dining,0.9656,The model identified patterns in the keywords: 'hand warmer bird design'.
HAND WARMER SCOTTY DOG DESIGN,Food & Dining,0.8244,The model identified patterns in the keywords: 'hand warmer scotty design'.
WHITE HANGING HEART T-LIGHT HOLDER,Shopping,0.9775,The model identified patterns in the keywords: 'white hanging heart t-light holder'.
WHITE METAL LANTERN,Bills & Utilities,0.9395,The model identified patterns in the keywords: 'white metal lantern'.
CREAM CUPID HEARTS COAT HANGER,Food & Dining,0.9975,The model identified patterns in the keywords: 'cream cupid hearts coat hanger'.
EDWARDIAN PARASOL BLACK,Food & Dining,0.9746,The model identified patterns in the keywords: 'edwardian parasol black'.
EDWARDIAN PARASOL RED,Food & Dining,0.9091,The model identified patterns in the keywords: 'edwardian parasol'.
RETRO COFFEE MUGS ASSORTED,Food & Dining,0.9976,The model identified patterns in the keywords: 'retro coffee mugs assorted'.
SAVE THE PLANET MUG,Other,0.5367,Model confidence was low; classified as Other.
VINTAGE BILLBOARD DRINK ME MUG,Shopping,0.9958,The model identified patterns in the keywords: 'vintage billboard drink'.
VINTAGE BILLBOARD LOVE/HATE MUG,Shopping,0.9997,The model identified patterns in the keywords: 'vintage billboard love/hate'.
WOOD 2 DRAWER CABINET WHITE FINISH,Shopping,0.9984,The model identified patterns in the keywords: 'wood drawer cabinet white finish'.
WOOD S/3 CABINET ANT WHITE FINISH,Shopping,0.9901,The model identified patterns in the keywords: 'wood cabinet white finish'.
WOODEN PICTURE FRAME WHITE FINISH,Shopping,0.9937,The model identified patterns in the keywords: 'wooden picture frame white finish'.
WOODEN FRAME ANTIQUE WHITE ,Shopping,0.9755,The model identified patterns in the keywords: 'wooden frame antique white'.
KNITTED UNION FLAG HOT WATER BOTTLE,Other,0.4616,Model confidence was low; classified as Other.
RED WOOLLY HOTTIE WHITE HEART.,Shopping,0.9573,The model identified patterns in the keywords: 'woolly hottie white heart.'.
SET 7 BABUSHKA NESTING BOXES,Shopping,0.9466,The model identified patterns in the keywords: 'babushka nesting boxes'.
IVORY EMBROIDERED QUILT ,Shopping,0.9985,The model identified patterns in the keywords: 'ivory embroidered quilt'.
GLASS STAR FROSTED T-LIGHT HOLDER,Other,0.5288,Model confidence was low; classified as Other.
SET OF 3 BLACK FLYING DUCKS,Shopping,0.9846,The model identified patterns in the keywords: 'black flying ducks'.
SET OF 3 COLOURED  FLYING DUCKS,Shopping,0.9843,The model identified patterns in the keywords: 'coloured flying ducks'.
PACK OF 12 RED RETROSPOT TISSUES ,Bills & Utilities,0.945,The model identified patterns in the keywords: 'pack retrospot tissues'.
RED RETROSPOT MUG,Shopping,0.7796,The model identified patterns in the keywords: 'retrospot'.
BABUSHKA LIGHTS STRING OF 10,Food & Dining,0.9987,The model identified patterns in the keywords: 'babushka lights string'.
PIGGY BANK RETROSPOT ,Shopping,0.8347,The model identified patterns in the keywords: 'piggy bank retrospot'.
SET 7 BABUSHKA NESTING BOXES,Shopping,0.9466,The model identified patterns in the keywords: 'babushka nesting boxes'.
DOORMAT FAIRY CAKE,Shopping,0.9332,The model identified patterns in the keywords: 'doormat fairy cake'.
HAND WARMER RED RETROSPOT,Bills & Utilities,0.8278,The model identified patterns in the keywords: 'hand warmer retrospot'.
HAND WARMER SCOTTY DOG DESIGN,Food & Dining,0.8244,The model identified patterns in the keywords: 'hand warmer scotty design'.
HAND WARMER OWL DESIGN,Food & Dining,0.8408,The model identified patterns in the keywords: 'hand warmer design'.
STRAWBERRY CERAMIC TRINKET BOX,Shopping,0.9283,The model identified patterns in the keywords: 'strawberry ceramic trinket'.
PINK DOUGHNUT TRINKET POT ,Food & Dining,0.9996,The model identified patterns in the keywords: 'pink doughnut trinket'.
SILK PURSE BABUSHKA PINK,Shopping,0.9996,The model identified patterns in the keywords: 'silk purse babushka pink'.
HOT WATER BOTTLE TEA AND SYMPATHY,Food & Dining,0.9988,The model identified patterns in the keywords: 'water bottle sympathy'.
HOT WATER BOTTLE I AM SO POORLY,Other,0.5243,Model confidence was low; classified as Other.
CHOCOLATE HOT WATER BOTTLE,Transport,0.99,Matched known merchant 'ola'.
WHITE SKULL HOT WATER BOTTLE ,Food & Dining,0.9908,The model identified patterns in the keywords: 'white skull water bottle'.
SCOTTIE DOG HOT WATER BOTTLE,Food & Dining,0.9996,The model identified patterns in the keywords: 'scottie water bottle'.
HAND WARMER RED POLKA DOT,Food & Dining,0.7758,The model identified patterns in the keywords: 'hand warmer polka'.
HAND WARMER UNION JACK,Other,0.5074,Model confidence was low; classified as Other.
HOMEMADE JAM SCENTED CANDLES,Food & Dining,0.9923,The model identified patterns in the keywords: 'homemade scented candles'.
BIRD HOUSE HOT WATER BOTTLE,Food & Dining,0.9976,The model identified patterns in the keywords: 'bird house water bottle'.
BOUDOIR SQUARE TISSUE BOX,Medical,0.8477,The model identified patterns in the keywords: 'boudoir square tissue'.
SKULLS SQUARE TISSUE BOX,Other,0.5863,Model confidence was low; classified as Other.
PHOTO FRAME CORNICE,Shopping,0.9976,The model identified patterns in the keywords: 'photo frame cornice'.
SILK PURSE BABUSHKA RED,Shopping,0.9995,The model identified patterns in the keywords: 'silk purse babushka'.
PICTURE DOMINOES,Shopping,0.9787,The model identified patterns in the keywords: 'picture dominoes'.
S/6 SEW ON CROCHET FLOWERS,Other,0.5698,Model confidence was low; classified as Other.
SCANDINAVIAN REDS RIBBONS,Shopping,0.6878,The model identified patterns in the keywords: 'scandinavian reds ribbons'.
BALLOONS  WRITING SET ,Shopping,0.9577,The model identified patterns in the keywords: 'balloons writing'.
JAM MAKING SET PRINTED,Food & Dining,0.9989,The model identified patterns in the keywords: 'making printed'.
LAVENDER INCENSE IN TIN,Food & Dining,0.9984,The model identified patterns in the keywords: 'lavender incense'.
TV DINNER TRAY VINTAGE PAISLEY,Food & Dining,0.7859,The model identified patterns in the keywords: 'dinner tray vintage paisley'.
SET OF 4 ENGLISH ROSE PLACEMATS,Food & Dining,0.993,The model identified patterns in the keywords: 'english rose placemats'.
SET OF 4 ENGLISH ROSE COASTERS,Food & Dining,0.6234,The model identified patterns in the keywords: 'english rose coasters'.
TRIPLE PHOTO FRAME CORNICE ,Shopping,0.9942,The model identified patterns in the keywords: 'triple photo frame cornice'.
FAMILY PHOTO FRAME CORNICE,Shopping,0.9988,The model identified patterns in the keywords: 'family photo frame cornice'.
MIRRORED DISCO BALL ,Shopping,0.9874,The model identified patterns in the keywords: 'mirrored disco ball'.
DISCO BALL ROTATOR BATTERY OPERATED,Bills & Utilities,0.7685,The model identified patterns in the keywords: 'disco ball rotator battery operated'.
SILVER LOOKING MIRROR,Shopping,0.9984,The model identified patterns in the keywords: 'silver looking mirror'.
LADIES & GENTLEMEN METAL SIGN,Shopping,0.9989,The model identified patterns in the keywords: 'ladies gentlemen metal sign'.
METAL SIGN HER DINNER IS SERVED ,Other,0.4863,Model confidence was low; classified as Other.
YOU'RE CONFUSING ME METAL SIGN ,Shopping,0.9613,The model identified patterns in the keywords: 'you're confusing metal sign'.
DOORMAT TOPIARY,Shopping,0.9986,The model identified patterns in the keywords: 'doormat topiary'.
BATHROOM METAL SIGN,Medical,0.9605,The model identified patterns in the keywords: 'bathroom metal sign'.
KITCHEN METAL SIGN,Shopping,0.9668,The model identified patterns in the keywords: 'kitchen metal sign'.
TOILET METAL SIGN,Medical,0.797,The model identified patterns in the keywords: 'toilet metal sign'.
METAL SIGN TAKE IT OR LEAVE IT ,Other,0.5648,Model confidence was low; classified as Other.
I'M ON HOLIDAY METAL SIGN,Food & Dining,0.6783,The model identified patterns in the keywords: 'holiday metal sign'.
GROW YOUR OWN BASIL IN ENAMEL MUG,Food & Dining,0.9802,The model identified patterns in the keywords: 'grow your basil enamel'.
SET/10 PINK POLKADOT PARTY CANDLES,Food & Dining,0.7855,The model identified patterns in the keywords: 'set/10 pink polkadot party candles'.
SET 20 NAPKINS FAIRY CAKES DESIGN ,Food & Dining,0.644,The model identified patterns in the keywords: 'napkins fairy cakes design'.
60 TEATIME FAIRY CAKE CASES,Food & Dining,0.9998,The model identified patterns in the keywords: 'teatime fairy cake cases'.
SET OF 6 T-LIGHTS SNOWMEN,Shopping,0.7698,The model identified patterns in the keywords: 't-lights snowmen'.
SET OF 6 T-LIGHTS SANTA,Shopping,0.8056,The model identified patterns in the keywords: 't-lights santa'.
SET OF 9 HEART SHAPED BALLOONS,Shopping,0.9835,The model identified patterns in the keywords: 'heart shaped balloons'.
SANDWICH BATH SPONGE,Food & Dining,0.9994,The model identified patterns in the keywords: 'sandwich bath sponge'.
APPLE BATH SPONGE,Food & Dining,0.9995,The model identified patterns in the keywords: 'apple bath sponge'.
STRAWBERRY BATH SPONGE ,Food & Dining,0.9984,The model identified patterns in the keywords: 'strawberry bath sponge'.
BLACK PIRATE TREASURE CHEST,Shopping,0.9993,The model identified patterns in the keywords: 'black pirate treasure chest'.
STAR PORTABLE TABLE LIGHT ,Shopping,0.8246,The model identified patterns in the keywords: 'star portable table light'.
SNOWFLAKE PORTABLE TABLE LIGHT ,Food & Dining,0.6182,The model identified patterns in the keywords: 'snowflake portable table light'.
PINK OVAL JEWELLED MIRROR,Shopping,0.9977,The model identified patterns in the keywords: 'pink oval jewelled mirror'.
RETROSPOT CIGAR BOX MATCHES ,Shopping,0.9526,The model identified patterns in the keywords: 'retrospot cigar matches'.
COSY HOUR GIANT TUBE MATCHES,Food & Dining,0.9994,The model identified patterns in the keywords: 'cosy hour giant tube matches'.
JAZZ HEARTS PURSE NOTEBOOK,Food & Dining,0.834,The model identified patterns in the keywords: 'jazz hearts purse notebook'.
LUNCH BAG DOLLY GIRL DESIGN,Other,0.5499,Model confidence was low; classified as Other.
WHITE HANGING HEART T-LIGHT HOLDER,Shopping,0.9775,The model identified patterns in the keywords: 'white hanging heart t-light holder'.
CANDLEHOLDER PINK HANGING HEART,Food & Dining,0.9109,The model identified patterns in the keywords: 'candleholder pink hanging heart'.
WOOD 2 DRAWER CABINET WHITE FINISH,Shopping,0.9984,The model identified patterns in the keywords: 'wood drawer cabinet white finish'.
ASSORTED COLOUR MINI CASES,Shopping,0.9973,The model identified patterns in the keywords: 'assorted colour mini cases'.
LUNCH BAG RED RETROSPOT,Food & Dining,0.9936,The model identified patterns in the keywords: 'lunch retrospot'.
LUNCH BAG SPACEBOY DESIGN ,Food & Dining,0.9864,The model identified patterns in the keywords: 'lunch spaceboy design'.
LUNCH BAG WOODLAND,Food & Dining,0.9995,The model identified patterns in the keywords: 'lunch woodland'.
LUNCH BAG PINK POLKADOT,Food & Dining,0.995,The model identified patterns in the keywords: 'lunch pink polkadot'.
GUMBALL COAT RACK,Shopping,0.7485,The model identified patterns in the keywords: 'gumball coat rack'.
BLUE NEW BAROQUE CANDLESTICK CANDLE,Shopping,0.9661,The model identified patterns in the keywords: 'blue baroque candlestick candle'.
PINK NEW BAROQUECANDLESTICK CANDLE,Shopping,0.9971,The model identified patterns in the keywords: 'pink baroquecandlestick candle'.
FAIRY CAKE FLANNEL ASSORTED COLOUR,Food & Dining,0.997,The model identified patterns in the keywords: 'fairy cake flannel assorted colour'.
BREAD BIN DINER STYLE PINK,Food & Dining,0.9997,The model identified patterns in the keywords: 'bread diner style pink'.
JUMBO BAG CHARLIE AND LOLA TOYS,Transport,0.99,Matched known merchant 'ola'.
TEA TIME TABLE CLOTH,Food & Dining,0.9998,The model identified patterns in the keywords: 'time table cloth'.
ENGLISH ROSE HOT WATER BOTTLE,Food & Dining,0.9993,The model identified patterns in the keywords: 'english rose water bottle'.
ENAMEL FIRE BUCKET CREAM,Shopping,0.9754,The model identified patterns in the keywords: 'enamel fire bucket cream'.
PICNIC BASKET WICKER SMALL,Food & Dining,0.9906,The model identified patterns in the keywords: 'picnic basket wicker small'.
PAPER CHAIN KIT 50'S CHRISTMAS ,Shopping,0.9991,The model identified patterns in the keywords: 'paper chain 50's christmas'.
PAPER CHAIN KIT VINTAGE CHRISTMAS,Shopping,0.9993,The model identified patterns in the keywords: 'paper chain vintage christmas'.
HOT WATER BOTTLE BABUSHKA ,Other,0.5049,Model confidence was low; classified as Other.
HAND WARMER BIRD DESIGN,Food & Dining,0.9656,The model identified patterns in the keywords: 'hand warmer bird design'.
POSTAGE,Shopping,0.9713,The model identified patterns in the keywords: 'postage'.
HEART IVORY TRELLIS SMALL,Shopping,0.9984,The model identified patterns in the keywords: 'heart ivory trellis small'.
CLEAR DRAWER KNOB ACRYLIC EDWARDIAN,Shopping,0.9967,The model identified patterns in the keywords: 'clear drawer knob acrylic edwardian'.
PINK DRAWER KNOB ACRYLIC EDWARDIAN,Shopping,0.9988,The model identified patterns in the keywords: 'pink drawer knob acrylic edwardian'.
GREEN DRAWER KNOB ACRYLIC EDWARDIAN,Shopping,0.9988,The model identified patterns in the keywords: 'green drawer knob acrylic edwardian'.
BLUE DRAWER KNOB ACRYLIC EDWARDIAN,Shopping,0.9989,The model identified patterns in the keywords: 'blue drawer knob acrylic edwardian'.
HEART OF WICKER SMALL,Food & Dining,0.7754,The model identified patterns in the keywords: 'heart wicker small'.
SMALL POPCORN HOLDER,Food & Dining,0.9989,The model identified patterns in the keywords: 'small popcorn holder'.
SET 6 FOOTBALL CELEBRATION CANDLES,Food & Dining,0.9829,The model identified patterns in the keywords: 'football celebration candles'.
SET OF 6 GIRLS CELEBRATION CANDLES,Food & Dining,0.9584,The model identified patterns in the keywords: 'girls celebration candles'.
ROMANTIC PINKS RIBBONS ,Shopping,0.9933,The model identified patterns in the keywords: 'romantic pinks ribbons'.
BRIGHT BLUES RIBBONS ,Food & Dining,0.9867,The model identified patterns in the keywords: 'bright blues ribbons'.
SCANDINAVIAN REDS RIBBONS,Shopping,0.6878,The model identified patterns in the keywords: 'scandinavian reds ribbons'.
CHOCOLATE BOX RIBBONS ,Transport,0.99,Matched known merchant 'ola'.
PARTY INVITES FOOTBALL,Food & Dining,0.9385,The model identified patterns in the keywords: 'party invites football'.
PARTY INVITES JAZZ HEARTS,Food & Dining,0.9931,The model identified patterns in the keywords: 'party invites jazz hearts'.
PARTY INVITES SPACEMAN,Food & Dining,0.8994,The model identified patterns in the keywords: 'party invites spaceman'.
SET OF 3 BUTTERFLY COOKIE CUTTERS,Shopping,0.7391,The model identified patterns in the keywords: 'butterfly cookie cutters'.
SET OF 3 HEART COOKIE CUTTERS,Food & Dining,0.9255,The model identified patterns in the keywords: 'heart cookie cutters'.
3 PIECE SPACEBOY COOKIE CUTTER SET,Food & Dining,0.8392,The model identified patterns in the keywords: 'piece spaceboy cookie cutter'.
PACK OF 72 SKULL CAKE CASES,Food & Dining,0.9985,The model identified patterns in the keywords: 'pack skull cake cases'.
PACK OF 60 SPACEBOY CAKE CASES,Food & Dining,0.9918,The model identified patterns in the keywords: 'pack spaceboy cake cases'.
PACK OF 72 RETROSPOT CAKE CASES,Food & Dining,0.9768,The model identified patterns in the keywords: 'pack retrospot cake cases'.
72 SWEETHEART FAIRY CAKE CASES,Food & Dining,0.9962,The model identified patterns in the keywords: 'sweetheart fairy cake cases'.
PACK OF 60 DINOSAUR CAKE CASES,Food & Dining,0.9118,The model identified patterns in the keywords: 'pack dinosaur cake cases'.
LUNCH BAG SUKI  DESIGN ,Food & Dining,0.9996,The model identified patterns in the keywords: 'lunch suki design'.
LUNCH BAG CARS BLUE,Food & Dining,0.9859,The model identified patterns in the keywords: 'lunch cars blue'.
LUNCH BAG  BLACK SKULL.,Food & Dining,0.9984,The model identified patterns in the keywords: 'lunch black skull.'.
HEART IVORY TRELLIS LARGE,Shopping,0.9984,The model identified patterns in the keywords: 'heart ivory trellis large'.
SET/5 RED RETROSPOT LID GLASS BOWLS,Food & Dining,0.6318,The model identified patterns in the keywords: 'set/5 retrospot glass bowls'.
WHITE HANGING HEART T-LIGHT HOLDER,Shopping,0.9775,The model identified patterns in the keywords: 'white hanging heart t-light holder'.
WHITE METAL LANTERN,Bills & Utilities,0.9395,The model identified patterns in the keywords: 'white metal lantern'.
CREAM CUPID HEARTS COAT HANGER,Food & Dining,0.9975,The model identified patterns in the keywords: 'cream cupid hearts coat hanger'.
EDWARDIAN PARASOL RED,Food & Dining,0.9091,The model identified patterns in the keywords: 'edwardian parasol'.
RETRO COFFEE MUGS ASSORTED,Food & Dining,0.9976,The model identified patterns in the keywords: 'retro coffee mugs assorted'.
SAVE THE PLANET MUG,Other,0.5367,Model confidence was low; classified as Other.
VINTAGE BILLBOARD DRINK ME MUG,Shopping,0.9958,The model identified patterns in the keywords: 'vintage billboard drink'.
VINTAGE BILLBOARD LOVE/HATE MUG,Shopping,0.9997,The model identified patterns in the keywords: 'vintage billboard love/hate'.
WOOD 2 DRAWER CABINET WHITE FINISH,Shopping,0.9984,The model identified patterns in the keywords: 'wood drawer cabinet white finish'.
WOOD S/3 CABINET ANT WHITE FINISH,Shopping,0.9901,The model identified patterns in the keywords: 'wood cabinet white finish'.
WOODEN PICTURE FRAME WHITE FINISH,Shopping,0.9937,The model identified patterns in the keywords: 'wooden picture frame white finish'.
WOODEN FRAME ANTIQUE WHITE ,Shopping,0.9755,The model identified patterns in the keywords: 'wooden frame antique white'.
KNITTED UNION FLAG HOT WATER BOTTLE,Other,0.4616,Model confidence was low; classified as Other.
RED WOOLLY HOTTIE WHITE HEART.,Shopping,0.9573,The model identified patterns in the keywords: 'woolly hottie white heart.'.
SET 7 BABUSHKA NESTING BOXES,Shopping,0.9466,The model identified patterns in the keywords: 'babushka nesting boxes'.
IVORY EMBROIDERED QUILT ,Shopping,0.9985,The model identified patterns in the keywords: 'ivory embroidered quilt'.
GLASS STAR FROSTED T-LIGHT HOLDER,Other,0.5288,Model confidence was low; classified as Other.
HAND WARMER RED POLKA DOT,Food & Dining,0.7758,The model identified patterns in the keywords: 'hand warmer polka'.
HAND WARMER UNION JACK,Other,0.5074,Model confidence was low; classified as Other.
MAGIC DRAWING SLATE DINOSAUR,Other,0.5302,Model confidence was low; classified as Other.
MAGIC DRAWING SLATE BAKE A CAKE ,Bills & Utilities,0.6933,The model identified patterns in the keywords: 'magic drawing slate bake cake'.
12 PENCILS TALL TUBE SKULLS,Shopping,0.968,The model identified patterns in the keywords: 'pencils tall tube skulls'.
CHOCOLATE CALCULATOR,Transport,0.99,Matched known merchant 'ola'.
RED  HARMONICA IN BOX ,Other,0.541,Model confidence was low; classified as Other.
BLUE HARMONICA IN BOX ,Food & Dining,0.9135,The model identified patterns in the keywords: 'blue harmonica'.
SKULLS  WATER TRANSFER TATTOOS ,Bills & Utilities,0.9673,The model identified patterns in the keywords: 'skulls water transfer tattoos'.
PACK 3 BOXES BIRD PANNETONE ,Food & Dining,0.7786,The model identified patterns in the keywords: 'pack boxes bird pannetone'.
HOT WATER BOTTLE TEA AND SYMPATHY,Food & Dining,0.9988,The model identified patterns in the keywords: 'water bottle sympathy'.
RED WOOLLY HOTTIE WHITE HEART.,Shopping,0.9573,The model identified patterns in the keywords: 'woolly hottie white heart.'.
WHITE SKULL HOT WATER BOTTLE ,Food & Dining,0.9908,The model identified patterns in the keywords: 'white skull water bottle'.
3 PIECE SPACEBOY COOKIE CUTTER SET,Food & Dining,0.8392,The model identified patterns in the keywords: 'piece spaceboy cookie cutter'.
SET OF 20 KIDS COOKIE CUTTERS,Shopping,0.983,The model identified patterns in the keywords: 'kids cookie cutters'.
10 COLOUR SPACEBOY PEN,Shopping,0.9417,The model identified patterns in the keywords: 'colour spaceboy'.
VICTORIAN GLASS HANGING T-LIGHT,Shopping,0.982,The model identified patterns in the keywords: 'victorian glass hanging t-light'.
SINGLE HEART ZINC T-LIGHT HOLDER,Food & Dining,0.6649,The model identified patterns in the keywords: 'single heart zinc t-light holder'.
RED HANGING HEART T-LIGHT HOLDER,Shopping,0.9264,The model identified patterns in the keywords: 'hanging heart t-light holder'.
HANGING METAL STAR LANTERN,Shopping,0.996,The model identified patterns in the keywords: 'hanging metal star lantern'.
SILVER HANGING T-LIGHT HOLDER,Shopping,0.9894,The model identified patterns in the keywords: 'silver hanging t-light holder'.
DOORMAT RED RETROSPOT,Shopping,0.9983,The model identified patterns in the keywords: 'doormat retrospot'.
DOORMAT HEARTS,Shopping,0.9989,The model identified patterns in the keywords: 'doormat hearts'.
NATURAL SLATE RECTANGLE CHALKBOARD,Other,0.5972,Model confidence was low; classified as Other.
LOVEBIRD HANGING DECORATION WHITE ,Shopping,0.9826,The model identified patterns in the keywords: 'lovebird hanging decoration white'.
ASSORTED COLOUR BIRD ORNAMENT,Shopping,0.9964,The model identified patterns in the keywords: 'assorted colour bird ornament'.
HOME BUILDING BLOCK WORD,Shopping,0.9757,The model identified patterns in the keywords: 'home building block word'.
LOVE BUILDING BLOCK WORD,Food & Dining,0.9879,The model identified patterns in the keywords: 'love building block word'.
PHOTO FRAME CORNICE,Shopping,0.9976,The model identified patterns in the keywords: 'photo frame cornice'.
PENS ASSORTED FUNNY FACE,Shopping,0.9991,The model identified patterns in the keywords: 'pens assorted funny face'.
CARD CIRCUS PARADE,Food & Dining,0.871,The model identified patterns in the keywords: 'card circus parade'.
WRAP COWBOYS  ,Shopping,0.9351,The model identified patterns in the keywords: 'wrap cowboys'.
AIRLINE BAG VINTAGE TOKYO 78,Transport,0.9421,The model identified patterns in the keywords: 'airline vintage tokyo'.
RED RETROSPOT UMBRELLA,Shopping,0.9729,The model identified patterns in the keywords: 'retrospot umbrella'.
BLACK/BLUE POLKADOT UMBRELLA,Food & Dining,0.844,The model identified patterns in the keywords: 'black/blue polkadot umbrella'.
RED 3 PIECE RETROSPOT CUTLERY SET,Shopping,0.9921,The model identified patterns in the keywords: 'piece retrospot cutlery'.
PACK OF 72 RETROSPOT CAKE CASES,Food & Dining,0.9768,The model identified patterns in the keywords: 'pack retrospot cake cases'.
SET OF 72 RETROSPOT PAPER  DOILIES,Other,0.5535,Model confidence was low; classified as Other.
BLUE COAT RACK PARIS FASHION,Shopping,0.9997,The model identified patterns in the keywords: 'blue coat rack paris fashion'.
PLASTERS IN TIN SKULLS,Shopping,0.9906,The model identified patterns in the keywords: 'plasters skulls'.
SLEEPING CAT ERASERS,Food & Dining,0.6716,The model identified patterns in the keywords: 'sleeping erasers'.
CARD BIRTHDAY COWBOY,Bills & Utilities,0.8201,The model identified patterns in the keywords: 'card birthday cowboy'.
PACK 3 BOXES CHRISTMAS PANNETONE,Shopping,0.9933,The model identified patterns in the keywords: 'pack boxes christmas pannetone'.
ROTATING SILVER ANGELS T-LIGHT HLDR,Shopping,0.924,The model identified patterns in the keywords: 'rotating silver angels t-light hldr'.
COSY HOUR GIANT TUBE MATCHES,Food & Dining,0.9994,The model identified patterns in the keywords: 'cosy hour giant tube matches'.
RIBBON REEL MAKING SNOWMEN ,Shopping,0.7499,The model identified patterns in the keywords: 'ribbon reel making snowmen'.
MINI PAINT SET VINTAGE ,Shopping,0.9965,The model identified patterns in the keywords: 'mini paint vintage'.
4 TRADITIONAL SPINNING TOPS,Food & Dining,0.9934,The model identified patterns in the keywords: 'traditional spinning tops'.
SET OF 6 SOLDIER SKITTLES,Shopping,0.6564,The model identified patterns in the keywords: 'soldier skittles'.
BAG 500g SWIRLY MARBLES,Shopping,0.987,The model identified patterns in the keywords: '500g swirly marbles'.
5 STRAND GLASS NECKLACE CRYSTAL,Shopping,0.9978,The model identified patterns in the keywords: 'strand glass necklace crystal'.
WHITE SKULL HOT WATER BOTTLE ,Food & Dining,0.9908,The model identified patterns in the keywords: 'white skull water bottle'.
SCOTTIE DOG HOT WATER BOTTLE,Food & Dining,0.9996,The model identified patterns in the keywords: 'scottie water bottle'.
SQUARECUSHION COVER PINK UNION FLAG,Shopping,0.9915,The model identified patterns in the keywords: 'squarecushion cover pink union flag'.
SPACEBOY CHILDRENS EGG CUP,Food & Dining,0.9991,The model identified patterns in the keywords: 'spaceboy childrens'.
CHILDREN'S SPACEBOY MUG,Food & Dining,0.8675,The model identified patterns in the keywords: 'children's spaceboy'.
HAND WARMER SCOTTY DOG DESIGN,Food & Dining,0.8244,The model identified patterns in the keywords: 'hand warmer scotty design'.
FELTCRAFT CUSHION OWL,Shopping,0.9989,The model identified patterns in the keywords: 'feltcraft cushion'.
BLACK CANDELABRA T-LIGHT HOLDER,Shopping,0.9898,The model identified patterns in the keywords: 'black candelabra t-light holder'.
TOY TIDY DOLLY GIRL DESIGN,Shopping,0.9997,The model identified patterns in the keywords: 'tidy dolly girl design'.
SET 12 LAVENDER  BOTANICAL T-LIGHTS,Other,0.491,Model confidence was low; classified as Other.
UNION JACK FLAG LUGGAGE TAG,Shopping,0.8995,The model identified patterns in the keywords: 'union jack flag luggage'.
RED HEART LUGGAGE TAG,Shopping,0.9945,The model identified patterns in the keywords: 'heart luggage'.
RED GLASS TASSLE BAG CHARM,Bills & Utilities,0.8366,The model identified patterns in the keywords: 'glass tassle charm'.
CLEAR ACRYLIC FACETED BANGLE,Shopping,0.9764,The model identified patterns in the keywords: 'clear acrylic faceted bangle'.
5 STRAND GLASS NECKLACE CRYSTAL,Shopping,0.9978,The model identified patterns in the keywords: 'strand glass necklace crystal'.
DOORMAT UNION JACK GUNS AND ROSES,Shopping,0.9972,The model identified patterns in the keywords: 'doormat union jack guns roses'.
VANILLA SCENT CANDLE JEWELLED BOX,Food & Dining,0.8302,The model identified patterns in the keywords: 'vanilla scent candle jewelled'.
FULL ENGLISH BREAKFAST PLATE,Food & Dining,0.9998,The model identified patterns in the keywords: 'full english breakfast plate'.
BLACK CANDELABRA T-LIGHT HOLDER,Shopping,0.9898,The model identified patterns in the keywords: 'black candelabra t-light holder'.
MAGIC DRAWING SLATE CIRCUS PARADE  ,Shopping,0.853,The model identified patterns in the keywords: 'magic drawing slate circus parade'.
CHRISTMAS HANGING HEART WITH BELL,Food & Dining,0.9978,The model identified patterns in the keywords: 'christmas hanging heart with bell'.
CAKE STAND VICTORIAN FILIGREE MED,Food & Dining,0.9986,The model identified patterns in the keywords: 'cake stand victorian filigree'.
PAISLEY PATTERN  STICKERS,Shopping,0.9974,The model identified patterns in the keywords: 'paisley pattern stickers'.
FLOWERS  STICKERS,Shopping,0.9163,The model identified patterns in the keywords: 'flowers stickers'.
PINK NEW BAROQUECANDLESTICK CANDLE,Shopping,0.9971,The model identified patterns in the keywords: 'pink baroquecandlestick candle'.
BLUE NEW BAROQUE CANDLESTICK CANDLE,Shopping,0.9661,The model identified patterns in the keywords: 'blue baroque candlestick candle'.
JUMBO STORAGE BAG SUKI,Food & Dining,0.9688,The model identified patterns in the keywords: 'jumbo storage suki'.
BLACK LOVE BIRD CANDLE,Food & Dining,0.8975,The model identified patterns in the keywords: 'black love bird candle'.
PARTY TIME PENCIL ERASERS,Entertainment,0.8242,The model identified patterns in the keywords: 'party time pencil erasers'.
DISCO BALL CHRISTMAS DECORATION,Food & Dining,0.7998,The model identified patterns in the keywords: 'disco ball christmas decoration'.
PINK B'FLY C/COVER W BOBBLES,Shopping,0.9947,The model identified patterns in the keywords: 'pink b'fly c/cover bobbles'.
PINK UNION JACK  LUGGAGE TAG,Shopping,0.9952,The model identified patterns in the keywords: 'pink union jack luggage'.
6 RIBBONS ELEGANT CHRISTMAS ,Shopping,0.9912,The model identified patterns in the keywords: 'ribbons elegant christmas'.
UNION JACK FLAG LUGGAGE TAG,Shopping,0.8995,The model identified patterns in the keywords: 'union jack flag luggage'.
AGED GLASS SILVER T-LIGHT HOLDER,Bills & Utilities,0.6981,The model identified patterns in the keywords: 'aged glass silver t-light holder'.
BOOM BOX SPEAKER GIRLS,Bills & Utilities,0.7881,The model identified patterns in the keywords: 'boom speaker girls'.
6 RIBBONS SHIMMERING PINKS ,Shopping,0.9938,The model identified patterns in the keywords: 'ribbons shimmering pinks'.
 SET 2 TEA TOWELS I LOVE LONDON ,Food & Dining,0.9992,The model identified patterns in the keywords: 'towels love london'.
JUMBO BAG OWLS,Food & Dining,0.9991,The model identified patterns in the keywords: 'jumbo owls'.
SANDWICH BATH SPONGE,Food & Dining,0.9994,The model identified patterns in the keywords: 'sandwich bath sponge'.
OWL DOORSTOP,Other,0.3796,Model confidence was low; classified as Other.
5 STRAND GLASS NECKLACE CRYSTAL,Shopping,0.9978,The model identified patterns in the keywords: 'strand glass necklace crystal'.
HAND WARMER UNION JACK,Other,0.5074,Model confidence was low; classified as Other.
HAND WARMER SCOTTY DOG DESIGN,Food & Dining,0.8244,The model identified patterns in the keywords: 'hand warmer scotty design'.
LARGE POPCORN HOLDER ,Food & Dining,0.9985,The model identified patterns in the keywords: 'large popcorn holder'.
PAINTED METAL STAR WITH HOLLY BELLS,Shopping,0.9929,The model identified patterns in the keywords: 'painted metal star with holly bells'.
PAINTED METAL HEART WITH HOLLY BELL,Shopping,0.9873,The model identified patterns in the keywords: 'painted metal heart with holly bell'.
ANGEL DECORATION STARS ON DRESS,Shopping,0.9877,The model identified patterns in the keywords: 'angel decoration stars dress'.
SMALL POPCORN HOLDER,Food & Dining,0.9989,The model identified patterns in the keywords: 'small popcorn holder'.
JUMBO BAG RED RETROSPOT,Food & Dining,0.7956,The model identified patterns in the keywords: 'jumbo retrospot'.
JUMBO BAG STRAWBERRY,Food & Dining,0.9973,The model identified patterns in the keywords: 'jumbo strawberry'.
STRAWBERRY SHOPPER BAG,Shopping,0.9963,The model identified patterns in the keywords: 'strawberry shopper'.
STRAWBERRY CHARLOTTE BAG,Food & Dining,0.9577,The model identified patterns in the keywords: 'strawberry charlotte'.
 SET 2 TEA TOWELS I LOVE LONDON ,Food & Dining,0.9992,The model identified patterns in the keywords: 'towels love london'.
PACK OF 12 RED RETROSPOT TISSUES ,Bills & Utilities,0.945,The model identified patterns in the keywords: 'pack retrospot tissues'.
SCOTTIE DOG HOT WATER BOTTLE,Food & Dining,0.9996,The model identified patterns in the keywords: 'scottie water bottle'.
CHOCOLATE HOT WATER BOTTLE,Transport,0.99,Matched known merchant 'ola'.
LUNCH BAG CARS BLUE,Food & Dining,0.9859,The model identified patterns in the keywords: 'lunch cars blue'.
LUNCH BAG SPACEBOY DESIGN ,Food & Dining,0.9864,The model identified patterns in the keywords: 'lunch spaceboy design'.
ROUND SNACK BOXES SET OF4 WOODLAND ,Food & Dining,0.9902,The model identified patterns in the keywords: 'round snack boxes woodland'.
LUNCH BAG DOLLY GIRL DESIGN,Other,0.5499,Model confidence was low; classified as Other.
LUNCH BAG SUKI  DESIGN ,Food & Dining,0.9996,The model identified patterns in the keywords: 'lunch suki design'.
LUNCH BAG  BLACK SKULL.,Food & Dining,0.9984,The model identified patterns in the keywords: 'lunch black skull.'.
ROUND SNACK BOXES SET OF 4 FRUITS ,Food & Dining,0.9964,The model identified patterns in the keywords: 'round snack boxes fruits'.
ROUND SNACK BOXES SET OF 4 SKULLS,Food & Dining,0.9973,The model identified patterns in the keywords: 'round snack boxes skulls'.
DOLLY GIRL LUNCH BOX,Shopping,0.9441,The model identified patterns in the keywords: 'dolly girl lunch'.
SPACEBOY LUNCH BOX ,Food & Dining,0.9969,The model identified patterns in the keywords: 'spaceboy lunch'.
GREEN POLKADOT PLATE ,Shopping,0.765,The model identified patterns in the keywords: 'green polkadot plate'.
BLUE POLKADOT PLATE ,Shopping,0.765,The model identified patterns in the keywords: 'blue polkadot plate'.
RED RETROSPOT PLATE ,Other,0.5452,Model confidence was low; classified as Other.
PINK  POLKADOT PLATE ,Shopping,0.9057,The model identified patterns in the keywords: 'pink polkadot plate'.
ROUND SNACK BOXES SET OF 4 SKULLS,Food & Dining,0.9973,The model identified patterns in the keywords: 'round snack boxes skulls'.
FELTCRAFT DOLL MOLLY,Shopping,0.9997,The model identified patterns in the keywords: 'feltcraft doll molly'.
FELTCRAFT CHRISTMAS FAIRY,Shopping,0.9995,The model identified patterns in the keywords: 'feltcraft christmas fairy'.
TRAVEL SEWING KIT,Shopping,0.9985,The model identified patterns in the keywords: 'travel sewing'.
SET OF 3 NOTEBOOKS IN PARCEL,Shopping,0.9968,The model identified patterns in the keywords: 'notebooks parcel'.
RED RETROSPOT TAPE,Other,0.5243,Model confidence was low; classified as Other.
COSY SLIPPER SHOES SMALL  RED ,Shopping,0.9993,The model identified patterns in the keywords: 'cosy slipper shoes small'.
6 RIBBONS RUSTIC CHARM,Food & Dining,0.8009,The model identified patterns in the keywords: 'ribbons rustic charm'.
SCANDINAVIAN REDS RIBBONS,Shopping,0.6878,The model identified patterns in the keywords: 'scandinavian reds ribbons'.
JAM MAKING SET PRINTED,Food & Dining,0.9989,The model identified patterns in the keywords: 'making printed'.
12 DAISY PEGS IN WOOD BOX,Shopping,0.9965,The model identified patterns in the keywords: 'daisy pegs wood'.
HOT WATER BOTTLE BABUSHKA ,Other,0.5049,Model confidence was low; classified as Other.
FELTCRAFT PRINCESS CHARLOTTE DOLL,Shopping,0.9997,The model identified patterns in the keywords: 'feltcraft princess charlotte doll'.
FELTCRAFT CHRISTMAS FAIRY,Shopping,0.9995,The model identified patterns in the keywords: 'feltcraft christmas fairy'.
FELTCRAFT PRINCESS CHARLOTTE DOLL,Shopping,0.9997,The model identified patterns in the keywords: 'feltcraft princess charlotte doll'.
6 RIBBONS RUSTIC CHARM,Food & Dining,0.8009,The model identified patterns in the keywords: 'ribbons rustic charm'.
COSY SLIPPER SHOES SMALL  RED ,Shopping,0.9993,The model identified patterns in the keywords: 'cosy slipper shoes small'.
SCANDINAVIAN REDS RIBBONS,Shopping,0.6878,The model identified patterns in the keywords: 'scandinavian reds ribbons'.
5 HOOK HANGER RED MAGIC TOADSTOOL,Bills & Utilities,0.9958,The model identified patterns in the keywords: 'hook hanger magic toadstool'.
CHRISTMAS CRAFT TREE TOP ANGEL,Food & Dining,0.9534,The model identified patterns in the keywords: 'christmas craft tree angel'.
CHRISTMAS CRAFT LITTLE FRIENDS,Food & Dining,0.9577,The model identified patterns in the keywords: 'christmas craft little friends'.
5 HOOK HANGER RED MAGIC TOADSTOOL,Bills & Utilities,0.9958,The model identified patterns in the keywords: 'hook hanger magic toadstool'.
6 RIBBONS RUSTIC CHARM,Food & Dining,0.8009,The model identified patterns in the keywords: 'ribbons rustic charm'.
12 DAISY PEGS IN WOOD BOX,Shopping,0.9965,The model identified patterns in the keywords: 'daisy pegs wood'.
SET OF 3 NOTEBOOKS IN PARCEL,Shopping,0.9968,The model identified patterns in the keywords: 'notebooks parcel'.
5 HOOK HANGER MAGIC TOADSTOOL,Bills & Utilities,0.9927,The model identified patterns in the keywords: 'hook hanger magic toadstool'.
SCANDINAVIAN REDS RIBBONS,Shopping,0.6878,The model identified patterns in the keywords: 'scandinavian reds ribbons'.
RED TOADSTOOL LED NIGHT LIGHT,Bills & Utilities,0.7305,The model identified patterns in the keywords: 'toadstool night light'.
5 HOOK HANGER RED MAGIC TOADSTOOL,Bills & Utilities,0.9958,The model identified patterns in the keywords: 'hook hanger magic toadstool'.
COSY SLIPPER SHOES SMALL GREEN,Shopping,0.9993,The model identified patterns in the keywords: 'cosy slipper shoes small green'.
COSY SLIPPER SHOES SMALL  RED ,Shopping,0.9993,The model identified patterns in the keywords: 'cosy slipper shoes small'.
FELTCRAFT DOLL ROSIE,Shopping,0.9997,The model identified patterns in the keywords: 'feltcraft doll rosie'.
FELTCRAFT DOLL MOLLY,Shopping,0.9997,The model identified patterns in the keywords: 'feltcraft doll molly'.
FELTCRAFT DOLL EMILY,Shopping,0.9998,The model identified patterns in the keywords: 'feltcraft doll emily'.
FELTCRAFT PRINCESS CHARLOTTE DOLL,Shopping,0.9997,The model identified patterns in the keywords: 'feltcraft princess charlotte doll'.
FELTCRAFT PRINCESS OLIVIA DOLL,Shopping,0.9997,The model identified patterns in the keywords: 'feltcraft princess olivia doll'.
REX CASH+CARRY JUMBO SHOPPER,Shopping,0.9985,The model identified patterns in the keywords: 'cash+carry jumbo shopper'.
FELTCRAFT DOLL MOLLY,Shopping,0.9997,The model identified patterns in the keywords: 'feltcraft doll molly'.
FELTCRAFT CUSHION OWL,Shopping,0.9989,The model identified patterns in the keywords: 'feltcraft cushion'.
CHRISTMAS CRAFT TREE TOP ANGEL,Food & Dining,0.9534,The model identified patterns in the keywords: 'christmas craft tree angel'.
CHRISTMAS CRAFT LITTLE FRIENDS,Food & Dining,0.9577,The model identified patterns in the keywords: 'christmas craft little friends'.
FELTCRAFT CUSHION RABBIT,Shopping,0.999,The model identified patterns in the keywords: 'feltcraft cushion rabbit'.
FELTCRAFT CUSHION BUTTERFLY,Shopping,0.9983,The model identified patterns in the keywords: 'feltcraft cushion butterfly'.
12 DAISY PEGS IN WOOD BOX,Shopping,0.9965,The model identified patterns in the keywords: 'daisy pegs wood'.
PAPER CHAIN KIT 50'S CHRISTMAS ,Shopping,0.9991,The model identified patterns in the keywords: 'paper chain 50's christmas'.
FELTCRAFT CUSHION BUTTERFLY,Shopping,0.9983,The model identified patterns in the keywords: 'feltcraft cushion butterfly'.
12 DAISY PEGS IN WOOD BOX,Shopping,0.9965,The model identified patterns in the keywords: 'daisy pegs wood'.
ROSE COTTAGE KEEPSAKE BOX ,Shopping,0.9857,The model identified patterns in the keywords: 'rose cottage keepsake'.
TOTE BAG I LOVE LONDON,Shopping,0.9979,The model identified patterns in the keywords: 'tote love london'.
12 DAISY PEGS IN WOOD BOX,Shopping,0.9965,The model identified patterns in the keywords: 'daisy pegs wood'.
TOTE BAG I LOVE LONDON,Shopping,0.9979,The model identified patterns in the keywords: 'tote love london'.
FOLDING UMBRELLA PINKWHITE POLKADOT,Shopping,0.9991,The model identified patterns in the keywords: 'folding umbrella pinkwhite polkadot'.
FOLDING UMBRELLA CREAM POLKADOT,Shopping,0.9795,The model identified patterns in the keywords: 'folding umbrella cream polkadot'.
FOLDING UMBRELLA WHITE/RED POLKADOT,Shopping,0.9975,The model identified patterns in the keywords: 'folding umbrella white/red polkadot'.
SET 10 LIGHTS NIGHT OWL,Other,0.4259,Model confidence was low; classified as Other.
SMALL POPCORN HOLDER,Food & Dining,0.9989,The model identified patterns in the keywords: 'small popcorn holder'.
 SET 2 TEA TOWELS I LOVE LONDON ,Food & Dining,0.9992,The model identified patterns in the keywords: 'towels love london'.
FOLDING UMBRELLA RED/WHITE POLKADOT,Shopping,0.9975,The model identified patterns in the keywords: 'folding umbrella red/white polkadot'.
BABUSHKA LIGHTS STRING OF 10,Food & Dining,0.9987,The model identified patterns in the keywords: 'babushka lights string'.
LUNCH BAG RED RETROSPOT,Food & Dining,0.9936,The model identified patterns in the keywords: 'lunch retrospot'.
S/4 VALENTINE DECOUPAGE HEART BOX,Shopping,0.8073,The model identified patterns in the keywords: 'valentine decoupage heart'.
FOLDING UMBRELLA CREAM POLKADOT,Shopping,0.9795,The model identified patterns in the keywords: 'folding umbrella cream polkadot'.
 SET 2 TEA TOWELS I LOVE LONDON ,Food & Dining,0.9992,The model identified patterns in the keywords: 'towels love london'.
FOLDING UMBRELLA RED/WHITE POLKADOT,Shopping,0.9975,The model identified patterns in the keywords: 'folding umbrella red/white polkadot'.
SOLDIERS EGG CUP ,Food & Dining,0.9992,The model identified patterns in the keywords: 'soldiers'.
S/4 VALENTINE DECOUPAGE HEART BOX,Shopping,0.8073,The model identified patterns in the keywords: 'valentine decoupage heart'.
RED RETROSPOT MINI CASES,Bills & Utilities,0.8154,The model identified patterns in the keywords: 'retrospot mini cases'.
nan,Food & Dining,0.9824,The model identified patterns in the keywords: ''.
60 CAKE CASES VINTAGE CHRISTMAS,Food & Dining,0.7319,The model identified patterns in the keywords: 'cake cases vintage christmas'.
PAPER CHAIN KIT VINTAGE CHRISTMAS,Shopping,0.9993,The model identified patterns in the keywords: 'paper chain vintage christmas'.
RIBBON REEL CHRISTMAS SOCK BAUBLE,Shopping,0.9705,The model identified patterns in the keywords: 'ribbon reel christmas sock bauble'.
RIBBON REEL SNOWY VILLAGE,Other,0.4911,Model confidence was low; classified as Other.
RIBBON REEL MAKING SNOWMEN ,Shopping,0.7499,The model identified patterns in the keywords: 'ribbon reel making snowmen'.
SET OF 20 VINTAGE CHRISTMAS NAPKINS,Shopping,0.9968,The model identified patterns in the keywords: 'vintage christmas napkins'.
TURQUOISE CHRISTMAS TREE ,Shopping,0.9991,The model identified patterns in the keywords: 'turquoise christmas tree'.
RED STAR CARD HOLDER,Bills & Utilities,0.8207,The model identified patterns in the keywords: 'star card holder'.
WICKER WREATH SMALL,Food & Dining,0.9899,The model identified patterns in the keywords: 'wicker wreath small'.
HEART OF WICKER LARGE,Food & Dining,0.6838,The model identified patterns in the keywords: 'heart wicker large'.
ADVENT CALENDAR GINGHAM SACK,Food & Dining,0.9948,The model identified patterns in the keywords: 'advent calendar gingham sack'.
HEART OF WICKER SMALL,Food & Dining,0.7754,The model identified patterns in the keywords: 'heart wicker small'.
FELTCRAFT BUTTERFLY HEARTS,Shopping,0.9994,The model identified patterns in the keywords: 'feltcraft butterfly hearts'.
PARTY CONE CHRISTMAS DECORATION ,Food & Dining,0.9991,The model identified patterns in the keywords: 'party cone christmas decoration'.
VINTAGE HEADS AND TAILS CARD GAME ,Shopping,0.7644,The model identified patterns in the keywords: 'vintage heads tails card game'.
WICKER STAR ,Food & Dining,0.9453,The model identified patterns in the keywords: 'wicker star'.
VINTAGE SNAP CARDS,Shopping,0.9995,The model identified patterns in the keywords: 'vintage snap cards'.
FELTCRAFT 6 FLOWER FRIENDS,Shopping,0.9994,The model identified patterns in the keywords: 'feltcraft flower friends'.
 SET 2 TEA TOWELS I LOVE LONDON ,Food & Dining,0.9992,The model identified patterns in the keywords: 'towels love london'.
JAM MAKING SET PRINTED,Food & Dining,0.9989,The model identified patterns in the keywords: 'making printed'.
BIRD DECORATION RED RETROSPOT,Shopping,0.9738,The model identified patterns in the keywords: 'bird decoration retrospot'.
CHRISTMAS GINGHAM TREE,Food & Dining,0.9976,The model identified patterns in the keywords: 'christmas gingham tree'.
CHRISTMAS GINGHAM STAR,Food & Dining,0.9995,The model identified patterns in the keywords: 'christmas gingham star'.
CHRISTMAS GINGHAM HEART,Food & Dining,0.9994,The model identified patterns in the keywords: 'christmas gingham heart'.
PACK OF 12 PINK POLKADOT TISSUES,Shopping,0.8789,The model identified patterns in the keywords: 'pack pink polkadot tissues'.
FELTCRAFT PRINCESS LOLA DOLL,Transport,0.99,Matched known merchant 'ola'.
PACK OF 12 LONDON TISSUES ,Shopping,0.8302,The model identified patterns in the keywords: 'pack london tissues'.
PURPLE DRAWERKNOB ACRYLIC EDWARDIAN,Shopping,0.9994,The model identified patterns in the keywords: 'purple drawerknob acrylic edwardian'.
CHILDREN'S APRON DOLLY GIRL ,Shopping,0.9799,The model identified patterns in the keywords: 'children's apron dolly girl'.
CHILDRENS APRON SPACEBOY DESIGN,Shopping,0.996,The model identified patterns in the keywords: 'childrens apron spaceboy design'.
CHRISTMAS LIGHTS 10 SANTAS ,Food & Dining,0.9913,The model identified patterns in the keywords: 'christmas lights santas'.
CHRISTMAS LIGHTS 10 REINDEER,Food & Dining,0.996,The model identified patterns in the keywords: 'christmas lights reindeer'.
PAPER CHAIN KIT 50'S CHRISTMAS ,Shopping,0.9991,The model identified patterns in the keywords: 'paper chain 50's christmas'.
FELTCRAFT CHRISTMAS FAIRY,Shopping,0.9995,The model identified patterns in the keywords: 'feltcraft christmas fairy'.
PACK OF 72 RETROSPOT CAKE CASES,Food & Dining,0.9768,The model identified patterns in the keywords: 'pack retrospot cake cases'.
PACK OF 60 MUSHROOM CAKE CASES,Food & Dining,0.9992,The model identified patterns in the keywords: 'pack mushroom cake cases'.
60 CAKE CASES DOLLY GIRL DESIGN,Shopping,0.6872,The model identified patterns in the keywords: 'cake cases dolly girl design'.
PACK OF 60 PINK PAISLEY CAKE CASES,Food & Dining,0.9122,The model identified patterns in the keywords: 'pack pink paisley cake cases'.
HAND WARMER BABUSHKA DESIGN,Food & Dining,0.866,The model identified patterns in the keywords: 'hand warmer babushka design'.
HAND WARMER BIRD DESIGN,Food & Dining,0.9656,The model identified patterns in the keywords: 'hand warmer bird design'.
HAND WARMER OWL DESIGN,Food & Dining,0.8408,The model identified patterns in the keywords: 'hand warmer design'.
HAND WARMER RED RETROSPOT,Bills & Utilities,0.8278,The model identified patterns in the keywords: 'hand warmer retrospot'.
SET 12 RETRO WHITE CHALK STICKS,Food & Dining,0.9042,The model identified patterns in the keywords: 'retro white chalk sticks'.
FELTCRAFT HAIRBAND RED AND BLUE,Shopping,0.9994,The model identified patterns in the keywords: 'feltcraft hairband blue'.
FELTCRAFT HAIRBAND PINK AND PURPLE,Shopping,0.9996,The model identified patterns in the keywords: 'feltcraft hairband pink purple'.
FELTCRAFT HAIRBANDS PINK AND WHITE ,Shopping,0.9996,The model identified patterns in the keywords: 'feltcraft hairbands pink white'.
TV DINNER TRAY DOLLY GIRL,Food & Dining,0.8765,The model identified patterns in the keywords: 'dinner tray dolly girl'.
PLASTERS IN TIN VINTAGE PAISLEY ,Shopping,0.9979,The model identified patterns in the keywords: 'plasters vintage paisley'.
PLASTERS IN TIN SPACEBOY,Shopping,0.9928,The model identified patterns in the keywords: 'plasters spaceboy'.
PLASTERS IN TIN WOODLAND ANIMALS,Shopping,0.9941,The model identified patterns in the keywords: 'plasters woodland animals'.
MAGIC DRAWING SLATE SPACEBOY ,Other,0.5884,Model confidence was low; classified as Other.
MAGIC DRAWING SLATE CIRCUS PARADE  ,Shopping,0.853,The model identified patterns in the keywords: 'magic drawing slate circus parade'.
MAGIC DRAWING SLATE GO TO THE FAIR ,Other,0.3266,Model confidence was low; classified as Other.
MAGIC DRAWING SLATE DOLLY GIRL ,Shopping,0.9438,The model identified patterns in the keywords: 'magic drawing slate dolly girl'.
CHARLIE + LOLA RED HOT WATER BOTTLE,Transport,0.99,Matched known merchant 'ola'.
HOT WATER BOTTLE BABUSHKA ,Other,0.5049,Model confidence was low; classified as Other.
URBAN BLACK RIBBONS ,Shopping,0.9987,The model identified patterns in the keywords: 'urban black ribbons'.
FELTCRAFT PRINCESS CHARLOTTE DOLL,Shopping,0.9997,The model identified patterns in the keywords: 'feltcraft princess charlotte doll'.
SET OF 6 T-LIGHTS TOADSTOOLS,Other,0.393,Model confidence was low; classified as Other.
ROTATING LEAVES T-LIGHT HOLDER,Food & Dining,0.6883,The model identified patterns in the keywords: 'rotating leaves t-light holder'.
RED  HARMONICA IN BOX ,Other,0.541,Model confidence was low; classified as Other.
CUPCAKE LACE PAPER SET 6,Food & Dining,0.9558,The model identified patterns in the keywords: 'cupcake lace paper'.
FAMILY PHOTO FRAME CORNICE,Shopping,0.9988,The model identified patterns in the keywords: 'family photo frame cornice'.
TRIPLE PHOTO FRAME CORNICE ,Shopping,0.9942,The model identified patterns in the keywords: 'triple photo frame cornice'.
WOODEN FRAME ANTIQUE WHITE ,Shopping,0.9755,The model identified patterns in the keywords: 'wooden frame antique white'.
WOODEN BOX OF DOMINOES,Shopping,0.9372,The model identified patterns in the keywords: 'wooden dominoes'.
TRADITIONAL WOODEN CATCH CUP GAME ,Food & Dining,0.9994,The model identified patterns in the keywords: 'traditional wooden catch game'.
TRADITIONAL WOODEN SKIPPING ROPE,Food & Dining,0.997,The model identified patterns in the keywords: 'traditional wooden skipping rope'.
S/6 WOODEN SKITTLES IN COTTON BAG,Food & Dining,0.8331,The model identified patterns in the keywords: 'wooden skittles cotton'.
RED METAL BEACH SPADE ,Shopping,0.9527,The model identified patterns in the keywords: 'metal beach spade'.
BOYS VINTAGE TIN SEASIDE BUCKET,Shopping,0.9992,The model identified patterns in the keywords: 'boys vintage seaside bucket'.
GIRLS VINTAGE TIN SEASIDE BUCKET,Shopping,0.9996,The model identified patterns in the keywords: 'girls vintage seaside bucket'.
GREY HEART HOT WATER BOTTLE,Food & Dining,0.9906,The model identified patterns in the keywords: 'grey heart water bottle'.
SCOTTIE DOG HOT WATER BOTTLE,Food & Dining,0.9996,The model identified patterns in the keywords: 'scottie water bottle'.
BIRD HOUSE HOT WATER BOTTLE,Food & Dining,0.9976,The model identified patterns in the keywords: 'bird house water bottle'.
KINGS CHOICE TEA CADDY ,Food & Dining,0.9998,The model identified patterns in the keywords: 'kings choice caddy'.
KINGS CHOICE BISCUIT TIN,Food & Dining,0.9961,The model identified patterns in the keywords: 'kings choice biscuit'.
METAL SIGN EMPIRE TEA,Shopping,0.9901,The model identified patterns in the keywords: 'metal sign empire'.
HOMEMADE JAM SCENTED CANDLES,Food & Dining,0.9923,The model identified patterns in the keywords: 'homemade scented candles'.
SET OF 6 SOLDIER SKITTLES,Shopping,0.6564,The model identified patterns in the keywords: 'soldier skittles'.
FAWN BLUE HOT WATER BOTTLE,Food & Dining,0.9972,The model identified patterns in the keywords: 'fawn blue water bottle'.
HAND WARMER RED RETROSPOT,Bills & Utilities,0.8278,The model identified patterns in the keywords: 'hand warmer retrospot'.
HOT WATER BOTTLE BABUSHKA ,Other,0.5049,Model confidence was low; classified as Other.
WHITE SKULL HOT WATER BOTTLE ,Food & Dining,0.9908,The model identified patterns in the keywords: 'white skull water bottle'.
RETROSPOT HEART HOT WATER BOTTLE,Bills & Utilities,0.9602,The model identified patterns in the keywords: 'retrospot heart water bottle'.
RED WOOLLY HOTTIE WHITE HEART.,Shopping,0.9573,The model identified patterns in the keywords: 'woolly hottie white heart.'.
SCOTTIE DOG HOT WATER BOTTLE,Food & Dining,0.9996,The model identified patterns in the keywords: 'scottie water bottle'.
GREY HEART HOT WATER BOTTLE,Food & Dining,0.9906,The model identified patterns in the keywords: 'grey heart water bottle'.
HOT WATER BOTTLE BABUSHKA ,Other,0.5049,Model confidence was low; classified as Other.
PACK OF 6 BIRDY GIFT TAGS,Shopping,0.9972,The model identified patterns in the keywords: 'pack birdy gift tags'.
CHILLI LIGHTS,Food & Dining,0.9997,The model identified patterns in the keywords: 'chilli lights'.
PIGGY BANK RETROSPOT ,Shopping,0.8347,The model identified patterns in the keywords: 'piggy bank retrospot'.
CERAMIC STRAWBERRY MONEY BOX,Shopping,0.999,The model identified patterns in the keywords: 'ceramic strawberry money'.
CERAMIC STRAWBERRY CAKE MONEY BANK,Shopping,0.9607,The model identified patterns in the keywords: 'ceramic strawberry cake money bank'.
CERAMIC CHERRY CAKE MONEY BANK,Other,0.5716,Model confidence was low; classified as Other.
CERAMIC HEART FAIRY CAKE MONEY BANK,Shopping,0.9922,The model identified patterns in the keywords: 'ceramic heart fairy cake money bank'.
CERAMIC PIRATE CHEST MONEY BANK,Shopping,0.9993,The model identified patterns in the keywords: 'ceramic pirate chest money bank'.
DOORSTOP RETROSPOT HEART,Shopping,0.9989,The model identified patterns in the keywords: 'doorstop retrospot heart'.
GINGHAM HEART  DOORSTOP RED,Food & Dining,0.9992,The model identified patterns in the keywords: 'gingham heart doorstop'.
RETROSPOT BABUSHKA DOORSTOP,Shopping,0.9993,The model identified patterns in the keywords: 'retrospot babushka doorstop'.
SILK PURSE BABUSHKA RED,Shopping,0.9995,The model identified patterns in the keywords: 'silk purse babushka'.
SILK PURSE BABUSHKA PINK,Shopping,0.9996,The model identified patterns in the keywords: 'silk purse babushka pink'.
FAMILY PHOTO FRAME CORNICE,Shopping,0.9988,The model identified patterns in the keywords: 'family photo frame cornice'.
SWEETHEART WIRE WALL TIDY,Shopping,0.9947,The model identified patterns in the keywords: 'sweetheart wire wall tidy'.
JAM MAKING SET PRINTED,Food & Dining,0.9989,The model identified patterns in the keywords: 'making printed'.
RED RETROSPOT OVEN GLOVE ,Shopping,0.8692,The model identified patterns in the keywords: 'retrospot oven glove'.
CREAM HEART CARD HOLDER,Food & Dining,0.9991,The model identified patterns in the keywords: 'cream heart card holder'.
NAMASTE SWAGAT INCENSE,Food & Dining,0.9971,The model identified patterns in the keywords: 'namaste swagat incense'.
CERAMIC STRAWBERRY DESIGN MUG,Shopping,0.8559,The model identified patterns in the keywords: 'ceramic strawberry design'.
BLACK HEART CARD HOLDER,Bills & Utilities,0.8697,The model identified patterns in the keywords: 'black heart card holder'.
CLASSICAL ROSE SMALL VASE,Shopping,0.6396,The model identified patterns in the keywords: 'classical rose small vase'.
HYACINTH BULB T-LIGHT CANDLES,Food & Dining,0.9436,The model identified patterns in the keywords: 'hyacinth bulb t-light candles'.
CHRISTMAS CRAFT WHITE FAIRY ,Food & Dining,0.9975,The model identified patterns in the keywords: 'christmas craft white fairy'.
CHRISTMAS CRAFT LITTLE FRIENDS,Food & Dining,0.9577,The model identified patterns in the keywords: 'christmas craft little friends'.
COSY HOUR CIGAR BOX MATCHES ,Food & Dining,0.999,The model identified patterns in the keywords: 'cosy hour cigar matches'.
RED TEA TOWEL CLASSIC DESIGN,Food & Dining,0.9995,The model identified patterns in the keywords: 'towel classic design'.
HEART FILIGREE DOVE  SMALL,Food & Dining,0.6244,The model identified patterns in the keywords: 'heart filigree dove small'.
RETROSPOT CHILDRENS APRON,Shopping,0.9966,The model identified patterns in the keywords: 'retrospot childrens apron'.
COLOURING PENCILS BROWN TUBE,Shopping,0.9932,The model identified patterns in the keywords: 'colouring pencils brown tube'.
4 IVORY DINNER CANDLES SILVER FLOCK,Other,0.5153,Model confidence was low; classified as Other.
HEART FILIGREE DOVE  SMALL,Food & Dining,0.6244,The model identified patterns in the keywords: 'heart filigree dove small'.
ZINC METAL HEART DECORATION,Shopping,0.9919,The model identified patterns in the keywords: 'zinc metal heart decoration'.
GREEN FERN NOTEBOOK,Shopping,0.9625,The model identified patterns in the keywords: 'green fern notebook'.
BLUE PAISLEY NOTEBOOK,Shopping,0.9976,The model identified patterns in the keywords: 'blue paisley notebook'.
CHRYSANTHEMUM NOTEBOOK,Shopping,0.9275,The model identified patterns in the keywords: 'chrysanthemum notebook'.
LARGE CHINESE STYLE SCISSOR,Shopping,0.9713,The model identified patterns in the keywords: 'large chinese style scissor'.
SMALL CHINESE STYLE SCISSOR,Food & Dining,0.6265,The model identified patterns in the keywords: 'small chinese style scissor'.
S/6 WOODEN SKITTLES IN COTTON BAG,Food & Dining,0.8331,The model identified patterns in the keywords: 'wooden skittles cotton'.
TRADITIONAL WOODEN SKIPPING ROPE,Food & Dining,0.997,The model identified patterns in the keywords: 'traditional wooden skipping rope'.
SET OF 6 SOLDIER SKITTLES,Shopping,0.6564,The model identified patterns in the keywords: 'soldier skittles'.
4 TRADITIONAL SPINNING TOPS,Food & Dining,0.9934,The model identified patterns in the keywords: 'traditional spinning tops'.
ROTATING SILVER ANGELS T-LIGHT HLDR,Shopping,0.924,The model identified patterns in the keywords: 'rotating silver angels t-light hldr'.
BLACK LOVE BIRD CANDLE,Food & Dining,0.8975,The model identified patterns in the keywords: 'black love bird candle'.
RETROSPOT CHILDRENS APRON,Shopping,0.9966,The model identified patterns in the keywords: 'retrospot childrens apron'.
HANGING GLASS ETCHED TEALIGHT,Food & Dining,0.8506,The model identified patterns in the keywords: 'hanging glass etched tealight'.
HANGING GLASS ETCHED TEALIGHT,Food & Dining,0.8506,The model identified patterns in the keywords: 'hanging glass etched tealight'.
BLUE NEW BAROQUE CANDLESTICK CANDLE,Shopping,0.9661,The model identified patterns in the keywords: 'blue baroque candlestick candle'.
COOKING SET RETROSPOT,Food & Dining,0.9774,The model identified patterns in the keywords: 'cooking retrospot'.
KINGS CHOICE GIANT TUBE MATCHES,Other,0.5921,Model confidence was low; classified as Other.
COSY HOUR GIANT TUBE MATCHES,Food & Dining,0.9994,The model identified patterns in the keywords: 'cosy hour giant tube matches'.
PLACE SETTING WHITE STAR,Shopping,0.7793,The model identified patterns in the keywords: 'place setting white star'.
HYACINTH BULB T-LIGHT CANDLES,Food & Dining,0.9436,The model identified patterns in the keywords: 'hyacinth bulb t-light candles'.
S/15 SILVER GLASS BAUBLES IN BAG,Bills & Utilities,0.852,The model identified patterns in the keywords: 's/15 silver glass baubles'.
FRENCH WC SIGN BLUE METAL,Shopping,0.7014,The model identified patterns in the keywords: 'french sign blue metal'.
KINGS CHOICE GIANT TUBE MATCHES,Other,0.5921,Model confidence was low; classified as Other.
72 SWEETHEART FAIRY CAKE CASES,Food & Dining,0.9962,The model identified patterns in the keywords: 'sweetheart fairy cake cases'.
ASSORTED COLOUR BIRD ORNAMENT,Shopping,0.9964,The model identified patterns in the keywords: 'assorted colour bird ornament'.
FAIRY SOAP SOAP HOLDER,Other,0.5726,Model confidence was low; classified as Other.
GREEN GIANT GARDEN THERMOMETER,Shopping,0.9864,The model identified patterns in the keywords: 'green giant garden thermometer'.
IVORY GIANT GARDEN THERMOMETER,Shopping,0.9993,The model identified patterns in the keywords: 'ivory giant garden thermometer'.
BLUE GIANT GARDEN THERMOMETER,Shopping,0.9868,The model identified patterns in the keywords: 'blue giant garden thermometer'.
PACK OF 60 PINK PAISLEY CAKE CASES,Food & Dining,0.9122,The model identified patterns in the keywords: 'pack pink paisley cake cases'.
RETROSPOT HEART HOT WATER BOTTLE,Bills & Utilities,0.9602,The model identified patterns in the keywords: 'retrospot heart water bottle'.
CHICK GREY HOT WATER BOTTLE,Food & Dining,0.9978,The model identified patterns in the keywords: 'chick grey water bottle'.
VICTORIAN SEWING BOX SMALL ,Shopping,0.9997,The model identified patterns in the keywords: 'victorian sewing small'.
VICTORIAN SEWING BOX MEDIUM,Shopping,0.9997,The model identified patterns in the keywords: 'victorian sewing medium'.
SET/10 RED POLKADOT PARTY CANDLES,Food & Dining,0.7018,The model identified patterns in the keywords: 'set/10 polkadot party candles'.
WASHROOM METAL SIGN,Medical,0.6009,The model identified patterns in the keywords: 'washroom metal sign'.
BLACK SWEETHEART BRACELET,Shopping,0.9972,The model identified patterns in the keywords: 'black sweetheart bracelet'.
DIAMANTE HAIR GRIP PACK/2 BLACK DIA,Shopping,0.9505,The model identified patterns in the keywords: 'diamante hair grip pack/2 black'.
BLACK DIAMANTE EXPANDABLE RING,Other,0.5835,Model confidence was low; classified as Other.
DIAMANTE HAIR GRIP PACK/2 RUBY,Shopping,0.8811,The model identified patterns in the keywords: 'diamante hair grip pack/2 ruby'.
DIAMANTE HAIR GRIP PACK/2 MONTANA,Shopping,0.8668,The model identified patterns in the keywords: 'diamante hair grip pack/2 montana'.
BLUE SWEETHEART BRACELET,Shopping,0.9974,The model identified patterns in the keywords: 'blue sweetheart bracelet'.
PINK SWEETHEART BRACELET,Shopping,0.9991,The model identified patterns in the keywords: 'pink sweetheart bracelet'.
PURPLE SWEETHEART BRACELET,Shopping,0.9963,The model identified patterns in the keywords: 'purple sweetheart bracelet'.
JUMBO BAG PINK POLKADOT,Food & Dining,0.9664,The model identified patterns in the keywords: 'jumbo pink polkadot'.
JUMBO BAG RED RETROSPOT,Food & Dining,0.7956,The model identified patterns in the keywords: 'jumbo retrospot'.
ASSORTED COLOUR BIRD ORNAMENT,Shopping,0.9964,The model identified patterns in the keywords: 'assorted colour bird ornament'.
PAPER CHAIN KIT 50'S CHRISTMAS ,Shopping,0.9991,The model identified patterns in the keywords: 'paper chain 50's christmas'.
RIBBON REEL CHRISTMAS PRESENT ,Food & Dining,0.7133,The model identified patterns in the keywords: 'ribbon reel christmas present'.
FIRST AID TIN,Medical,0.7962,The model identified patterns in the keywords: 'first'.
MAKE YOUR OWN MONSOON CARD KIT,Bills & Utilities,0.9633,The model identified patterns in the keywords: 'make your monsoon card'.
PACK OF 12 HEARTS DESIGN TISSUES ,Shopping,0.9511,The model identified patterns in the keywords: 'pack hearts design tissues'.
PACK OF 12 RED RETROSPOT TISSUES ,Bills & Utilities,0.945,The model identified patterns in the keywords: 'pack retrospot tissues'.
SOLDIERS EGG CUP ,Food & Dining,0.9992,The model identified patterns in the keywords: 'soldiers'.
HEART IVORY TRELLIS SMALL,Shopping,0.9984,The model identified patterns in the keywords: 'heart ivory trellis small'.
HEART FILIGREE DOVE  SMALL,Food & Dining,0.6244,The model identified patterns in the keywords: 'heart filigree dove small'.
HEART FILIGREE DOVE LARGE,Other,0.4787,Model confidence was low; classified as Other.
PACK 3 BOXES BIRD PANNETONE ,Food & Dining,0.7786,The model identified patterns in the keywords: 'pack boxes bird pannetone'.
PACK 3 BOXES CHRISTMAS PANNETONE,Shopping,0.9933,The model identified patterns in the keywords: 'pack boxes christmas pannetone'.
SMALL POPCORN HOLDER,Food & Dining,0.9989,The model identified patterns in the keywords: 'small popcorn holder'.
PACK OF 60 PINK PAISLEY CAKE CASES,Food & Dining,0.9122,The model identified patterns in the keywords: 'pack pink paisley cake cases'.
SET OF 6 SOLDIER SKITTLES,Shopping,0.6564,The model identified patterns in the keywords: 'soldier skittles'.
SWIRLY CIRCULAR RUBBERS IN BAG,Food & Dining,0.6995,The model identified patterns in the keywords: 'swirly circular rubbers'.
VINTAGE PAISLEY STATIONERY SET,Shopping,0.9996,The model identified patterns in the keywords: 'vintage paisley stationery'.
PAPER CHAIN KIT VINTAGE CHRISTMAS,Shopping,0.9993,The model identified patterns in the keywords: 'paper chain vintage christmas'.
SET/10 BLUE POLKADOT PARTY CANDLES,Food & Dining,0.9013,The model identified patterns in the keywords: 'set/10 blue polkadot party candles'.
RIBBON REEL SOCKS AND MITTENS,Shopping,0.9805,The model identified patterns in the keywords: 'ribbon reel socks mittens'.
60 CAKE CASES VINTAGE CHRISTMAS,Food & Dining,0.7319,The model identified patterns in the keywords: 'cake cases vintage christmas'.
CHRISTMAS METAL TAGS ASSORTED ,Shopping,0.9994,The model identified patterns in the keywords: 'christmas metal tags assorted'.
CHRISTMAS TREE T-LIGHT HOLDER,Food & Dining,0.9363,The model identified patterns in the keywords: 'christmas tree t-light holder'.
STAR  T-LIGHT HOLDER ,Other,0.3012,Model confidence was low; classified as Other.
HEART T-LIGHT HOLDER ,Food & Dining,0.9539,The model identified patterns in the keywords: 'heart t-light holder'.
MINI FUNKY DESIGN TAPES,Shopping,0.9996,The model identified patterns in the keywords: 'mini funky design tapes'.
SET OF 6 T-LIGHTS SNOWMEN,Shopping,0.7698,The model identified patterns in the keywords: 't-lights snowmen'.
STAR WOODEN CHRISTMAS DECORATION,Shopping,0.8899,The model identified patterns in the keywords: 'star wooden christmas decoration'.
WOODEN HEART CHRISTMAS SCANDINAVIAN,Food & Dining,0.9957,The model identified patterns in the keywords: 'wooden heart christmas scandinavian'.
CHRISTMAS RETROSPOT TREE WOOD,Shopping,0.9647,The model identified patterns in the keywords: 'christmas retrospot tree wood'.
SET OF 6 T-LIGHTS SANTA,Shopping,0.8056,The model identified patterns in the keywords: 't-lights santa'.
SET/9 CHRISTMAS T-LIGHTS SCENTED ,Food & Dining,0.7544,The model identified patterns in the keywords: 'set/9 christmas t-lights scented'.
BLUE ROSE FABRIC MIRROR,Shopping,0.9984,The model identified patterns in the keywords: 'blue rose fabric mirror'.
THREE CANVAS LUGGAGE TAGS,Shopping,0.997,The model identified patterns in the keywords: 'three canvas luggage tags'.
RETROSPOT PARTY BAG + STICKER SET,Entertainment,0.6484,The model identified patterns in the keywords: 'retrospot party sticker'.
PLASTERS IN TIN VINTAGE PAISLEY ,Shopping,0.9979,The model identified patterns in the keywords: 'plasters vintage paisley'.
RETROSPOT SMALL TUBE MATCHES,Medical,0.8582,The model identified patterns in the keywords: 'retrospot small tube matches'.
HAND WARMER SCOTTY DOG DESIGN,Food & Dining,0.8244,The model identified patterns in the keywords: 'hand warmer scotty design'.
3D CHRISTMAS STAMPS STICKERS ,Shopping,0.9986,The model identified patterns in the keywords: 'christmas stamps stickers'.
HAND WARMER SCOTTY DOG DESIGN,Food & Dining,0.8244,The model identified patterns in the keywords: 'hand warmer scotty design'.
HAND WARMER SCOTTY DOG DESIGN,Food & Dining,0.8244,The model identified patterns in the keywords: 'hand warmer scotty design'.
CLOTHES PEGS RETROSPOT PACK 24 ,Shopping,0.9997,The model identified patterns in the keywords: 'clothes pegs retrospot pack'.
36 FOIL HEART CAKE CASES,Food & Dining,0.9994,The model identified patterns in the keywords: 'foil heart cake cases'.
CHRISTMAS METAL TAGS ASSORTED ,Shopping,0.9994,The model identified patterns in the keywords: 'christmas metal tags assorted'.
PACK OF 6 SWEETIE GIFT BOXES,Shopping,0.9988,The model identified patterns in the keywords: 'pack sweetie gift boxes'.
PACK OF 72 RETROSPOT CAKE CASES,Food & Dining,0.9768,The model identified patterns in the keywords: 'pack retrospot cake cases'.
PACK OF 72 RETROSPOT CAKE CASES,Food & Dining,0.9768,The model identified patterns in the keywords: 'pack retrospot cake cases'.
PACK OF 6 BIRDY GIFT TAGS,Shopping,0.9972,The model identified patterns in the keywords: 'pack birdy gift tags'.
SET/10 RED POLKADOT PARTY CANDLES,Food & Dining,0.7018,The model identified patterns in the keywords: 'set/10 polkadot party candles'.
SET/10 PINK POLKADOT PARTY CANDLES,Food & Dining,0.7855,The model identified patterns in the keywords: 'set/10 pink polkadot party candles'.
SET OF 3 NOTEBOOKS IN PARCEL,Shopping,0.9968,The model identified patterns in the keywords: 'notebooks parcel'.
STAR  T-LIGHT HOLDER ,Other,0.3012,Model confidence was low; classified as Other.
CINAMMON SET OF 9 T-LIGHTS,Food & Dining,0.9907,The model identified patterns in the keywords: 'cinammon t-lights'.
ORANGE SCENTED SET/9 T-LIGHTS,Food & Dining,0.979,The model identified patterns in the keywords: 'orange scented set/9 t-lights'.
RIBBON REEL STRIPES DESIGN ,Shopping,0.9613,The model identified patterns in the keywords: 'ribbon reel stripes design'.
SET OF 2 TINS JARDIN DE PROVENCE,Food & Dining,0.6562,The model identified patterns in the keywords: 'tins jardin provence'.
MAKE YOUR OWN PLAYTIME CARD KIT,Bills & Utilities,0.9237,The model identified patterns in the keywords: 'make your playtime card'.
DINOSAURS  WRITING SET ,Shopping,0.9817,The model identified patterns in the keywords: 'dinosaurs writing'.
BALLOONS  WRITING SET ,Shopping,0.9577,The model identified patterns in the keywords: 'balloons writing'.
SKULLS WRITING SET ,Shopping,0.8543,The model identified patterns in the keywords: 'skulls writing'.
VINTAGE PAISLEY STATIONERY SET,Shopping,0.9996,The model identified patterns in the keywords: 'vintage paisley stationery'.
COSY SLIPPER SHOES SMALL  RED ,Shopping,0.9993,The model identified patterns in the keywords: 'cosy slipper shoes small'.
DOORMAT BLACK FLOCK ,Shopping,0.999,The model identified patterns in the keywords: 'doormat black flock'.
JUMBO  BAG BAROQUE BLACK WHITE,Food & Dining,0.9964,The model identified patterns in the keywords: 'jumbo baroque black white'.
JAM MAKING SET WITH JARS,Food & Dining,0.9997,The model identified patterns in the keywords: 'making with jars'.
ORANGE SCENTED SET/9 T-LIGHTS,Food & Dining,0.979,The model identified patterns in the keywords: 'orange scented set/9 t-lights'.
CINAMMON SET OF 9 T-LIGHTS,Food & Dining,0.9907,The model identified patterns in the keywords: 'cinammon t-lights'.
HAND WARMER SCOTTY DOG DESIGN,Food & Dining,0.8244,The model identified patterns in the keywords: 'hand warmer scotty design'.
CHRISTMAS DECOUPAGE CANDLE,Food & Dining,0.9934,The model identified patterns in the keywords: 'christmas decoupage candle'.
HEART T-LIGHT HOLDER ,Food & Dining,0.9539,The model identified patterns in the keywords: 'heart t-light holder'.
GROW YOUR OWN BASIL IN ENAMEL MUG,Food & Dining,0.9802,The model identified patterns in the keywords: 'grow your basil enamel'.
OFFICE MUG WARMER POLKADOT,Food & Dining,0.9952,The model identified patterns in the keywords: 'office warmer polkadot'.
SMALL POPCORN HOLDER,Food & Dining,0.9989,The model identified patterns in the keywords: 'small popcorn holder'.
JUMBO BAG DOLLY GIRL DESIGN,Shopping,0.965,The model identified patterns in the keywords: 'jumbo dolly girl design'.
JAM MAKING SET WITH JARS,Food & Dining,0.9997,The model identified patterns in the keywords: 'making with jars'.
JAM MAKING SET PRINTED,Food & Dining,0.9989,The model identified patterns in the keywords: 'making printed'.
SMALL GLASS HEART TRINKET POT,Food & Dining,0.9199,The model identified patterns in the keywords: 'small glass heart trinket'.
RED WOOLLY HOTTIE WHITE HEART.,Shopping,0.9573,The model identified patterns in the keywords: 'woolly hottie white heart.'.
BLACK RECORD COVER FRAME,Shopping,0.9969,The model identified patterns in the keywords: 'black record cover frame'.
"RECORD FRAME 7"" SINGLE SIZE ",Entertainment,0.7057,The model identified patterns in the keywords: 'record frame single size'.
36 PENCILS TUBE RED RETROSPOT,Shopping,0.9881,The model identified patterns in the keywords: 'pencils tube retrospot'.
36 PENCILS TUBE WOODLAND,Shopping,0.9802,The model identified patterns in the keywords: 'pencils tube woodland'.
SET OF 6 SOLDIER SKITTLES,Shopping,0.6564,The model identified patterns in the keywords: 'soldier skittles'.
ROCKING HORSE RED CHRISTMAS ,Transport,0.9556,The model identified patterns in the keywords: 'rocking horse christmas'.
CHRISTMAS GINGHAM HEART,Food & Dining,0.9994,The model identified patterns in the keywords: 'christmas gingham heart'.
CHRISTMAS GINGHAM STAR,Food & Dining,0.9995,The model identified patterns in the keywords: 'christmas gingham star'.
HAND WARMER UNION JACK,Other,0.5074,Model confidence was low; classified as Other.
HAND WARMER RED RETROSPOT,Bills & Utilities,0.8278,The model identified patterns in the keywords: 'hand warmer retrospot'.
REGENCY CAKESTAND 3 TIER,Shopping,0.7578,The model identified patterns in the keywords: 'regency cakestand tier'.
JUMBO SHOPPER VINTAGE RED PAISLEY,Shopping,0.9989,The model identified patterns in the keywords: 'jumbo shopper vintage paisley'.
RIBBON REEL SNOWY VILLAGE,Other,0.4911,Model confidence was low; classified as Other.
VINTAGE UNION JACK BUNTING,Shopping,0.9946,The model identified patterns in the keywords: 'vintage union jack bunting'.
JAM MAKING SET WITH JARS,Food & Dining,0.9997,The model identified patterns in the keywords: 'making with jars'.
RIBBON REEL STRIPES DESIGN ,Shopping,0.9613,The model identified patterns in the keywords: 'ribbon reel stripes design'.
RETRO LONGBOARD IRONING BOARD COVER,Shopping,0.9898,The model identified patterns in the keywords: 'retro longboard ironing board cover'.
3D DOG PICTURE PLAYING CARDS,Entertainment,0.9396,The model identified patterns in the keywords: 'picture playing cards'.
RETROSPOT CIGAR BOX MATCHES ,Shopping,0.9526,The model identified patterns in the keywords: 'retrospot cigar matches'.
SET/9 CHRISTMAS T-LIGHTS SCENTED ,Food & Dining,0.7544,The model identified patterns in the keywords: 'set/9 christmas t-lights scented'.
ROTATING SILVER ANGELS T-LIGHT HLDR,Shopping,0.924,The model identified patterns in the keywords: 'rotating silver angels t-light hldr'.
ROTATING SILVER ANGELS T-LIGHT HLDR,Shopping,0.924,The model identified patterns in the keywords: 'rotating silver angels t-light hldr'.
SAVE THE PLANET COTTON TOTE BAG,Shopping,0.9798,The model identified patterns in the keywords: 'save planet cotton tote'.
SET OF 20 VINTAGE CHRISTMAS NAPKINS,Shopping,0.9968,The model identified patterns in the keywords: 'vintage christmas napkins'.
PAPER BUNTING WHITE LACE,Shopping,0.9785,The model identified patterns in the keywords: 'paper bunting white lace'.
GENTLEMAN SHIRT REPAIR KIT ,Shopping,0.842,The model identified patterns in the keywords: 'gentleman shirt repair'.
CARD I LOVE LONDON ,Bills & Utilities,0.9029,The model identified patterns in the keywords: 'card love london'.
PAPER CHAIN KIT VINTAGE CHRISTMAS,Shopping,0.9993,The model identified patterns in the keywords: 'paper chain vintage christmas'.
MIRRORED WALL ART FOXY,Shopping,0.9992,The model identified patterns in the keywords: 'mirrored wall foxy'.
MIRRORED WALL ART GENTS,Shopping,0.9995,The model identified patterns in the keywords: 'mirrored wall gents'.
AIRLINE BAG VINTAGE JET SET WHITE,Transport,0.8235,The model identified patterns in the keywords: 'airline vintage white'.
JAM MAKING SET PRINTED,Food & Dining,0.9989,The model identified patterns in the keywords: 'making printed'.
POTTING SHED SOW 'N' GROW SET,Shopping,0.981,The model identified patterns in the keywords: 'potting shed grow'.
BABUSHKA LIGHTS STRING OF 10,Food & Dining,0.9987,The model identified patterns in the keywords: 'babushka lights string'.
REX CASH+CARRY JUMBO SHOPPER,Shopping,0.9985,The model identified patterns in the keywords: 'cash+carry jumbo shopper'.
AIRLINE BAG VINTAGE WORLD CHAMPION ,Shopping,0.9934,The model identified patterns in the keywords: 'airline vintage world champion'.
HAND WARMER BIRD DESIGN,Food & Dining,0.9656,The model identified patterns in the keywords: 'hand warmer bird design'.
CHRISTMAS CRAFT LITTLE FRIENDS,Food & Dining,0.9577,The model identified patterns in the keywords: 'christmas craft little friends'.
PINK HEARTS PAPER GARLAND,Shopping,0.9979,The model identified patterns in the keywords: 'pink hearts paper garland'.
POTTING SHED SEED ENVELOPES,Food & Dining,0.7032,The model identified patterns in the keywords: 'potting shed seed envelopes'.
HI TEC ALPINE HAND WARMER,Transport,0.987,The model identified patterns in the keywords: 'alpine hand warmer'.
FELTCRAFT CHRISTMAS FAIRY,Shopping,0.9995,The model identified patterns in the keywords: 'feltcraft christmas fairy'.
HI TEC ALPINE HAND WARMER,Transport,0.987,The model identified patterns in the keywords: 'alpine hand warmer'.
ROTATING SILVER ANGELS T-LIGHT HLDR,Shopping,0.924,The model identified patterns in the keywords: 'rotating silver angels t-light hldr'.
3 STRIPEY MICE FELTCRAFT,Food & Dining,0.8821,The model identified patterns in the keywords: 'stripey mice feltcraft'.
FELTCRAFT 6 FLOWER FRIENDS,Shopping,0.9994,The model identified patterns in the keywords: 'feltcraft flower friends'.
CHRISTMAS CRAFT LITTLE FRIENDS,Food & Dining,0.9577,The model identified patterns in the keywords: 'christmas craft little friends'.
VINTAGE UNION JACK CUSHION COVER,Shopping,0.9989,The model identified patterns in the keywords: 'vintage union jack cushion cover'.
POLYESTER FILLER PAD 45x45cm,Bills & Utilities,0.7805,The model identified patterns in the keywords: 'polyester filler 45x45cm'.
DOLLY GIRL LUNCH BOX,Shopping,0.9441,The model identified patterns in the keywords: 'dolly girl lunch'.
PACK OF 12 LONDON TISSUES ,Shopping,0.8302,The model identified patterns in the keywords: 'pack london tissues'.
CARD DOLLY GIRL ,Shopping,0.8764,The model identified patterns in the keywords: 'card dolly girl'.
CARD BILLBOARD FONT,Shopping,0.9485,The model identified patterns in the keywords: 'card billboard font'.
RAINY LADIES BIRTHDAY CARD,Food & Dining,0.8164,The model identified patterns in the keywords: 'rainy ladies birthday card'.
GREY HEART HOT WATER BOTTLE,Food & Dining,0.9906,The model identified patterns in the keywords: 'grey heart water bottle'.
RED WOOLLY HOTTIE WHITE HEART.,Shopping,0.9573,The model identified patterns in the keywords: 'woolly hottie white heart.'.
RED WHITE SCARF  HOT WATER BOTTLE,Food & Dining,0.9953,The model identified patterns in the keywords: 'white scarf water bottle'.
 SET 2 TEA TOWELS I LOVE LONDON ,Food & Dining,0.9992,The model identified patterns in the keywords: 'towels love london'.
SET OF 2 TEA TOWELS APPLE AND PEARS,Food & Dining,0.9994,The model identified patterns in the keywords: 'towels apple pears'.
SET/2 RED RETROSPOT TEA TOWELS ,Food & Dining,0.9985,The model identified patterns in the keywords: 'set/2 retrospot towels'.
LOVE BUILDING BLOCK WORD,Food & Dining,0.9879,The model identified patterns in the keywords: 'love building block word'.
HOME BUILDING BLOCK WORD,Shopping,0.9757,The model identified patterns in the keywords: 'home building block word'.
ASSORTED COLOUR BIRD ORNAMENT,Shopping,0.9964,The model identified patterns in the keywords: 'assorted colour bird ornament'.
LANTERN CREAM GAZEBO ,Food & Dining,0.9984,The model identified patterns in the keywords: 'lantern cream gazebo'.
BLUE BIRDHOUSE DECORATION,Shopping,0.9912,The model identified patterns in the keywords: 'blue birdhouse decoration'.
WHITE HANGING HEART T-LIGHT HOLDER,Shopping,0.9775,The model identified patterns in the keywords: 'white hanging heart t-light holder'.
REGENCY CAKESTAND 3 TIER,Shopping,0.7578,The model identified patterns in the keywords: 'regency cakestand tier'.
ANTIQUE SILVER TEA GLASS ENGRAVED,Shopping,0.9396,The model identified patterns in the keywords: 'antique silver glass engraved'.
AGED GLASS SILVER T-LIGHT HOLDER,Bills & Utilities,0.6981,The model identified patterns in the keywords: 'aged glass silver t-light holder'.
JAM MAKING SET WITH JARS,Food & Dining,0.9997,The model identified patterns in the keywords: 'making with jars'.
HAND WARMER OWL DESIGN,Food & Dining,0.8408,The model identified patterns in the keywords: 'hand warmer design'.
SET OF 2 WOODEN MARKET CRATES,Shopping,0.9954,The model identified patterns in the keywords: 'wooden market crates'.
SET OF 6 T-LIGHTS TOADSTOOLS,Other,0.393,Model confidence was low; classified as Other.
HAND WARMER UNION JACK,Other,0.5074,Model confidence was low; classified as Other.
HAND WARMER SCOTTY DOG DESIGN,Food & Dining,0.8244,The model identified patterns in the keywords: 'hand warmer scotty design'.
CLASSIC FRENCH STYLE BASKET NATURAL,Food & Dining,0.9583,The model identified patterns in the keywords: 'classic french style basket natural'.
CRAZY DAISY HEART DECORATION,Shopping,0.6093,The model identified patterns in the keywords: 'crazy daisy heart decoration'.
GIN + TONIC DIET METAL SIGN,Food & Dining,0.999,The model identified patterns in the keywords: 'tonic diet metal sign'.
IVORY GIANT GARDEN THERMOMETER,Shopping,0.9993,The model identified patterns in the keywords: 'ivory giant garden thermometer'.
CARD HOLDER GINGHAM HEART,Bills & Utilities,0.9783,The model identified patterns in the keywords: 'card holder gingham heart'.
SMALL STRIPES CHOCOLATE GIFT BAG ,Transport,0.99,Matched known merchant 'ola'.
S/6 WOODEN SKITTLES IN COTTON BAG,Food & Dining,0.8331,The model identified patterns in the keywords: 'wooden skittles cotton'.
HAND WARMER RED RETROSPOT,Bills & Utilities,0.8278,The model identified patterns in the keywords: 'hand warmer retrospot'.
HAND WARMER UNION JACK,Other,0.5074,Model confidence was low; classified as Other.
FRENCH WC SIGN BLUE METAL,Shopping,0.7014,The model identified patterns in the keywords: 'french sign blue metal'.
PINK UNION JACK  LUGGAGE TAG,Shopping,0.9952,The model identified patterns in the keywords: 'pink union jack luggage'.
"TRAY, BREAKFAST IN BED",Food & Dining,0.9987,"The model identified patterns in the keywords: 'tray, breakfast'."
PIZZA PLATE IN BOX,Food & Dining,0.9993,The model identified patterns in the keywords: 'pizza plate'.
HEART OF WICKER LARGE,Food & Dining,0.6838,The model identified patterns in the keywords: 'heart wicker large'.
PINK HEART DOTS HOT WATER BOTTLE,Food & Dining,0.9869,The model identified patterns in the keywords: 'pink heart dots water bottle'.
PLACE SETTING WHITE HEART,Other,0.5996,Model confidence was low; classified as Other.
SET OF 4 NAPKIN CHARMS LEAVES   ,Food & Dining,0.9978,The model identified patterns in the keywords: 'napkin charms leaves'.
SET OF 4 NAPKIN CHARMS STARS   ,Food & Dining,0.9733,The model identified patterns in the keywords: 'napkin charms stars'.
SET OF 4 NAPKIN CHARMS CUTLERY,Food & Dining,0.8409,The model identified patterns in the keywords: 'napkin charms cutlery'.
CARAVAN SQUARE TISSUE BOX,Medical,0.735,The model identified patterns in the keywords: 'caravan square tissue'.
PLASTERS IN TIN SKULLS,Shopping,0.9906,The model identified patterns in the keywords: 'plasters skulls'.
PLASTERS IN TIN SPACEBOY,Shopping,0.9928,The model identified patterns in the keywords: 'plasters spaceboy'.
BUTTON BOX ,Bills & Utilities,0.8674,The model identified patterns in the keywords: 'button'.
PLASTERS IN TIN VINTAGE PAISLEY ,Shopping,0.9979,The model identified patterns in the keywords: 'plasters vintage paisley'.
12 MESSAGE CARDS WITH ENVELOPES,Bills & Utilities,0.64,The model identified patterns in the keywords: 'message cards with envelopes'.
SMALL RED BABUSHKA NOTEBOOK ,Shopping,0.9501,The model identified patterns in the keywords: 'small babushka notebook'.
CUPCAKE LACE PAPER SET 6,Food & Dining,0.9558,The model identified patterns in the keywords: 'cupcake lace paper'.
PACK 3 BOXES CHRISTMAS PANNETONE,Shopping,0.9933,The model identified patterns in the keywords: 'pack boxes christmas pannetone'.
HERB MARKER MINT,Food & Dining,0.9434,The model identified patterns in the keywords: 'herb marker mint'.
HERB MARKER ROSEMARY,Food & Dining,0.9686,The model identified patterns in the keywords: 'herb marker rosemary'.
HERB MARKER BASIL,Food & Dining,0.9593,The model identified patterns in the keywords: 'herb marker basil'.
HERB MARKER CHIVES ,Other,0.4566,Model confidence was low; classified as Other.
HERB MARKER PARSLEY,Food & Dining,0.7886,The model identified patterns in the keywords: 'herb marker parsley'.
HERB MARKER THYME,Other,0.4185,Model confidence was low; classified as Other.
WHITE HANGING HEART T-LIGHT HOLDER,Shopping,0.9775,The model identified patterns in the keywords: 'white hanging heart t-light holder'.
METAL MERRY CHRISTMAS WREATH,Bills & Utilities,0.7431,The model identified patterns in the keywords: 'metal merry christmas wreath'.
WHITE CHRISTMAS GARLAND STARS TREES,Food & Dining,0.9445,The model identified patterns in the keywords: 'white christmas garland stars trees'.
RETROSPOT SMALL TUBE MATCHES,Medical,0.8582,The model identified patterns in the keywords: 'retrospot small tube matches'.
RETROSPOT GIANT TUBE MATCHES,Other,0.3926,Model confidence was low; classified as Other.
PLACE SETTING WHITE STAR,Shopping,0.7793,The model identified patterns in the keywords: 'place setting white star'.
GROW YOUR OWN BASIL IN ENAMEL MUG,Food & Dining,0.9802,The model identified patterns in the keywords: 'grow your basil enamel'.
36 FOIL STAR CAKE CASES ,Food & Dining,0.9993,The model identified patterns in the keywords: 'foil star cake cases'.
36 FOIL HEART CAKE CASES,Food & Dining,0.9994,The model identified patterns in the keywords: 'foil heart cake cases'.
PACK OF 6 SWEETIE GIFT BOXES,Shopping,0.9988,The model identified patterns in the keywords: 'pack sweetie gift boxes'.
PACK OF 6 HANDBAG GIFT BOXES,Shopping,0.9995,The model identified patterns in the keywords: 'pack handbag gift boxes'.
GARLAND WOODEN HAPPY EASTER,Shopping,0.6145,The model identified patterns in the keywords: 'garland wooden happy easter'.
CALENDAR PAPER CUT DESIGN,Shopping,0.9909,The model identified patterns in the keywords: 'calendar paper design'.
CALENDAR IN SEASON DESIGN,Shopping,0.9163,The model identified patterns in the keywords: 'calendar season design'.
SMALL POPCORN HOLDER,Food & Dining,0.9989,The model identified patterns in the keywords: 'small popcorn holder'.
BLUE PAISLEY TISSUE BOX,Shopping,0.9964,The model identified patterns in the keywords: 'blue paisley tissue'.
HEART OF WICKER SMALL,Food & Dining,0.7754,The model identified patterns in the keywords: 'heart wicker small'.
SKULLS SQUARE TISSUE BOX,Other,0.5863,Model confidence was low; classified as Other.
PINK PAISLEY SQUARE TISSUE BOX ,Shopping,0.9987,The model identified patterns in the keywords: 'pink paisley square tissue'.
PACK OF 6 HANDBAG GIFT BOXES,Shopping,0.9995,The model identified patterns in the keywords: 'pack handbag gift boxes'.
TOAST ITS - HAPPY BIRTHDAY,Food & Dining,0.9991,The model identified patterns in the keywords: 'toast happy birthday'.
SET/10 IVORY POLKADOT PARTY CANDLES,Shopping,0.9498,The model identified patterns in the keywords: 'set/10 ivory polkadot party candles'.
SET/10 BLUE POLKADOT PARTY CANDLES,Food & Dining,0.9013,The model identified patterns in the keywords: 'set/10 blue polkadot party candles'.
SET/10 PINK POLKADOT PARTY CANDLES,Food & Dining,0.7855,The model identified patterns in the keywords: 'set/10 pink polkadot party candles'.
